TO_CHAR(S.PUBCHEM_CID),DISTINCT_EXP_COUNT
66541,48
6763,48
701067,47
375895,46
10864994,45
2408467,45
443939,44
460747,44
254021,44
6364517,43
9551964,42
5718631,42
3609942,41
1472216,41
5286934,39
37839,38
647501,38
906542,37
5601088,37
6217704,36
406171,35
4076033,35
3240629,35
647878,35
3689413,35
6603320,35
460749,35
2142309,35
3247230,34
9512005,34
1472225,34
282594,34
5389617,33
5982653,33
5718138,33
313619,33
1002248,33
9684637,33
1151859,32
11948738,32
265940,32
16193285,31
6433197,31
3194,31
164981,31
2398303,31
793991,31
3245258,31
6009984,30
776361,30
3164059,30
11958727,30
5680788,30
3243384,30
5547949,30
1473969,30
2082098,29
570353,29
262093,29
6552076,29
5759185,29
5833488,29
659226,29
2082094,29
2922056,28
15945060,28
6603514,28
65047,28
6263555,28
659101,28
5357652,28
9549141,28
5359275,28
6526694,28
3213,27
2347892,27
206388,27
12005392,27
62770,27
1316704,27
5199378,27
972880,27
892017,27
2325816,27
659940,27
2215161,27
2772102,27
5825518,27
1474489,27
15945423,27
6871590,27
5834362,26
19910,26
890649,26
5663704,26
9549472,26
5791769,26
5286552,26
2166675,26
6154033,26
6308684,26
5433262,26
763882,26
70848,26
11957209,26
11958779,26
2328694,26
2219262,26
9549474,26
100520,25
663844,25
1973785,25
3598,25
82533,25
1002249,25
2133793,25
6311834,25
1716838,25
654092,25
5932165,25
3517787,25
330973,25
659822,25
94381,25
8975,25
5311103,25
12004561,24
1510379,24
10603,24
3242810,24
5717105,24
6289422,24
891145,24
11957214,24
5371064,24
5761997,24
5040456,24
1796110,24
1262928,24
5309798,24
5308606,24
15944801,24
1335691,24
5362868,24
776370,24
969516,24
5341487,24
12004724,24
3238641,24
16396279,24
12647563,24
9660957,24
1489267,23
9549688,23
1263653,23
2236648,23
11834470,23
2537704,23
5916626,23
5341736,23
5333955,23
2474590,23
2233014,23
658308,23
597363,23
42640,23
23724230,23
998685,23
662393,23
6103405,23
1475343,23
6042139,23
9583715,23
1486982,23
1474490,23
5336330,23
5676317,23
5730061,23
323616,23
5719375,23
741762,23
4878,23
6524899,22
3689416,22
12627143,22
657882,22
2327938,22
1093278,22
1622396,22
5801628,22
5309169,22
3453217,22
1218173,22
3590942,22
22524940,22
2114872,22
653297,22
663191,22
659413,22
2766929,22
24792600,22
5895129,22
6023693,22
704848,22
2930652,22
3729555,22
6258408,22
9593827,22
5281672,22
3235799,22
1867783,22
3503,22
5187118,22
11957207,22
6518655,22
2406,22
658734,22
917183,21
998879,21
5740162,21
2222655,21
2295300,21
3561768,21
5859530,21
3580213,21
121637,21
5924924,21
9578480,21
648607,21
11979294,21
3746037,21
3093671,21
2998797,21
6183560,21
5872230,21
3129243,21
2407524,21
5307230,21
883995,21
16745534,21
2524461,21
5777448,21
2214811,21
2931982,21
5335769,21
2844723,21
5281952,21
480272,21
16187754,21
2330223,21
16196512,21
6299255,21
6852401,21
22829045,21
5335613,21
6068891,21
3528206,21
5721041,20
6099,20
72512,20
16681765,20
726503,20
16478778,20
2259,20
5516000,20
2928973,20
5735198,20
6603430,20
107794,20
160115,20
12005480,20
16682136,20
6364669,20
12005575,20
272529,20
4875293,20
659735,20
15945619,20
5731073,20
5930517,20
662965,20
9550941,20
6001017,20
54679406,20
2327953,20
935415,20
6374709,20
664044,20
776319,20
6508305,20
16437205,20
3090522,20
5650290,20
2801236,20
253602,20
664366,20
665597,20
15944971,20
5731123,20
2225472,20
1608349,20
5508807,20
5344602,20
53277,19
5260651,19
2017227,19
885550,19
2876731,19
1471255,19
3231291,19
6871588,19
2149417,19
5900930,19
3136125,19
1276569,19
56604851,19
2035866,19
4655086,19
2931388,19
16192607,19
2876839,19
11840108,19
5524036,19
701939,19
16409855,19
6504754,19
3238500,19
2724385,19
9637112,19
16745328,19
272568,19
2248499,19
5310753,19
2920952,19
6173110,19
9594974,19
647455,19
3129247,19
893460,19
5338551,19
2328662,19
9550611,19
3696529,19
6511353,19
16012896,19
3236803,19
2320547,19
5433464,19
3242434,19
2535819,19
2922048,19
5713121,19
5791416,19
9684646,19
16188433,19
161167,19
2377519,19
3739292,19
7314608,19
3197480,19
16211385,19
665480,19
1474487,19
926663,19
2442307,19
2925160,19
663143,19
2876872,19
3235591,18
16192857,18
4230741,18
24792594,18
662276,18
9631442,18
657680,18
1296368,18
1763075,18
9585555,18
6505442,18
5512669,18
109673,18
72721,18
648878,18
5797751,18
5431621,18
15944722,18
655948,18
3375236,18
5307716,18
4617342,18
5285231,18
78545,18
6506899,18
16682403,18
2221133,18
650985,18
33528,18
2971539,18
1336753,18
9551645,18
2167979,18
5811720,18
9549170,18
1736294,18
3803930,18
16338356,18
1540545,18
9551998,18
5725106,18
9678325,18
9591065,18
5869923,18
16395151,18
976709,18
883460,18
638439,18
2940938,18
2325815,18
573747,18
652912,18
659661,18
60699,18
5720743,18
1475337,18
644459,18
1507407,18
709854,18
16875665,18
11839273,18
439501,18
4363979,18
72402,18
5281605,18
3859741,18
6886551,18
2899800,18
5717129,18
3238417,18
2801235,18
5323583,18
5719283,18
22554524,18
1478923,18
2848041,18
761896,18
2536883,18
2301472,18
5791766,18
1941609,18
16196356,18
2585042,18
3816369,18
5721990,18
678099,18
130606,18
672376,18
2537908,18
165528,17
6035171,17
14286542,17
2133777,17
9604989,17
11957180,17
6061070,17
3240867,17
2767048,17
5767688,17
5715188,17
1588252,17
2813456,17
1072148,17
5998602,17
4477,17
1266032,17
22554723,17
5898520,17
11957260,17
9549110,17
1002841,17
6393068,17
11957499,17
829764,17
5388992,17
5281855,17
3239711,17
3614365,17
6375556,17
5308376,17
12004949,17
871395,17
854635,17
793586,17
6506002,17
666941,17
1342143,17
2416356,17
5418075,17
3878766,17
9629711,17
1472220,17
9594976,17
9656454,17
4970947,17
6404645,17
659038,17
2374706,17
636362,17
3246719,17
708625,17
1318,17
9638883,17
3850682,17
8219205,17
2010180,17
2911166,17
782696,17
3136126,17
2876611,17
5406370,17
366010,17
2831455,17
3482571,17
5581000,17
665747,17
9563803,17
24793491,17
649706,17
3138755,17
5727858,17
1357397,17
1471355,17
5789769,17
849396,17
56604880,17
2788,17
5322374,17
790561,17
7315332,17
824226,17
6040412,17
684448,17
203396,17
5004,17
2430298,17
5450350,17
16188269,17
932657,17
646118,17
801271,17
56604881,17
5353329,17
6604161,17
6108933,17
5281571,17
1336020,17
1472218,17
6404647,17
1046630,17
698409,17
6945186,17
877917,17
5389913,17
3313092,17
16196135,17
9612114,17
16195997,17
2376815,17
16192614,17
68207,17
5396,17
781112,16
665561,16
5426670,16
5722358,16
6393804,16
6710564,16
854418,16
1511784,16
741765,16
3136123,16
5346278,16
9582581,16
12006169,16
1474465,16
657546,16
328013,16
2876744,16
10138,16
3448294,16
617210,16
5736472,16
5718086,16
372186,16
3245517,16
663373,16
1475395,16
2861516,16
5624298,16
1916369,16
646406,16
3126531,16
646533,16
62881,16
664895,16
2538553,16
630034,16
6509206,16
7110093,16
5429830,16
5322719,16
16684434,16
5806576,16
991372,16
46948029,16
2059132,16
5095822,16
5953874,16
2998237,16
24892684,16
900031,16
12005127,16
652457,16
3241211,16
15945766,16
6245,16
289745,16
644956,16
663900,16
2122192,16
6863917,16
2333,16
99625,16
4616329,16
56604832,16
2921404,16
2469519,16
2221997,16
6532827,16
992688,16
5759067,16
6054676,16
10363146,16
909915,16
936105,16
712700,16
5288209,16
2743870,16
759209,16
666554,16
3245634,16
900061,16
4252324,16
4381125,16
2877075,16
663916,16
648690,16
877570,16
9567195,16
2899176,16
11957314,16
2335498,16
992591,16
6438437,16
727588,16
9676586,16
6858766,16
5388496,16
5654285,16
16014490,16
6510725,16
5282106,16
46897918,16
2846928,16
5766568,16
10607,16
470958,16
5389565,16
305322,16
23205,16
56604893,16
5902515,16
788928,16
1516852,16
998883,16
5417965,16
30323,16
5898784,16
5860626,16
3243386,16
3741479,16
6508301,16
6619971,16
5439913,16
5986909,15
2030970,15
342201,15
3239469,15
6014955,15
24792118,15
11834461,15
24207752,15
3136571,15
6277393,15
666162,15
584778,15
6504438,15
6525018,15
12004742,15
5464544,15
1789058,15
608257,15
5521968,15
3153499,15
24761154,15
776411,15
647700,15
2099944,15
4068403,15
2939678,15
4247468,15
2769258,15
16238263,15
5398663,15
5421094,15
1472222,15
3386722,15
9590742,15
5769124,15
2311082,15
654089,15
4970781,15
7125637,15
16717692,15
3101746,15
4263090,15
2585205,15
15871826,15
24789706,15
2794,15
12006187,15
6090798,15
7066845,15
5930684,15
487737,15
16196800,15
1774431,15
12005200,15
6537375,15
16196375,15
24761960,15
723043,15
796420,15
2332535,15
4406525,15
655335,15
2303849,15
660706,15
703759,15
5076890,15
10000306,15
2338527,15
2964934,15
3216690,15
1380424,15
819865,15
649849,15
2998355,15
5404668,15
5449018,15
674819,15
1881562,15
2876596,15
1160939,15
5411990,15
9615909,15
2277493,15
1090196,15
9604988,15
2235477,15
16757839,15
705951,15
4325987,15
3240606,15
1540666,15
2408437,15
16195670,15
355876,15
5638671,15
6869728,15
881472,15
11958774,15
15945539,15
24747990,15
6852389,15
602897,15
12871037,15
6731,15
2188632,15
2870836,15
1393528,15
220284,15
5293426,15
2998738,15
4019447,15
800048,15
1991339,15
6952211,15
888706,15
2998894,15
6110289,15
8259799,15
23723895,15
662572,15
977927,15
2608014,15
665618,15
655586,15
16195022,15
991251,15
16196349,15
2872439,15
227456,15
3128197,15
1487013,15
5339969,15
16409834,15
367432,15
815398,15
750538,15
2841620,15
271296,15
3570131,15
16014494,15
5708035,15
54692915,15
3744539,15
2184820,15
5347090,15
885036,15
7314659,15
659917,15
5310447,15
598216,15
4971,15
686152,15
3241256,15
5417599,15
6997825,15
5731104,15
3240968,15
15945002,15
3689415,15
5383615,15
6023694,15
15945189,15
6519786,15
5883140,15
3775626,15
11644907,15
5403695,15
1277376,15
2536033,15
51082,15
721948,15
6018993,15
3241124,15
282529,15
1265525,14
16446678,14
6054677,14
5957103,14
24761551,14
4714602,14
9586790,14
657611,14
4841619,14
5348300,14
16240138,14
2262197,14
2486837,14
9684005,14
629074,14
1271299,14
661691,14
76915,14
9649777,14
6508320,14
44631784,14
3737083,14
24243649,14
3129251,14
690911,14
6538219,14
9593111,14
1751796,14
2876668,14
1997570,14
655401,14
715715,14
9547773,14
7203047,14
833990,14
5416363,14
16829858,14
4263901,14
6413024,14
1154580,14
1895639,14
1486608,14
1079880,14
6112552,14
972733,14
2944643,14
6885082,14
8178372,14
3715206,14
275363,14
6799675,14
644215,14
12006202,14
11839287,14
1486292,14
6091989,14
72813,14
31280,14
17576722,14
5338656,14
1121741,14
3554231,14
1489656,14
1240113,14
5736224,14
973892,14
91378,14
5687785,14
659623,14
6508323,14
700833,14
1484340,14
254340,14
2925984,14
5722655,14
6866727,14
992588,14
1290765,14
53377439,14
3589471,14
1470719,14
4247469,14
18528944,14
2830524,14
1331726,14
4971561,14
2872121,14
2998740,14
6603402,14
6505141,14
4604044,14
789893,14
658411,14
5614,14
1363897,14
238775,14
1007227,14
9552043,14
6295081,14
5848891,14
794101,14
2470212,14
3988576,14
44202275,14
16211935,14
887167,14
12005312,14
3032310,14
1124686,14
2941133,14
2997948,14
1479815,14
24761146,14
661897,14
9549744,14
616498,14
2327942,14
12005460,14
6295079,14
2954345,14
67277,14
15944723,14
6379939,14
7314658,14
260557,14
320930,14
4202676,14
2868490,14
649492,14
1883255,14
5898134,14
15478,14
16014206,14
661967,14
24360,14
657717,14
3393623,14
704725,14
832284,14
4543045,14
805934,14
12005206,14
16682221,14
838877,14
650677,14
5795274,14
948464,14
5733602,14
1312086,14
3117,14
15945043,14
3361499,14
2821421,14
5953984,14
5337303,14
2086090,14
5280445,14
715724,14
2089261,14
661645,14
1482680,14
6860029,14
9566836,14
5446513,14
383092,14
2813585,14
16188230,14
512832,14
16188788,13
12006126,13
5521786,13
17520,13
3161521,13
744236,13
5353685,13
182785,13
1405137,13
2158953,13
5948551,13
1340892,13
3237799,13
833983,13
1363299,13
2142305,13
3812720,13
9552079,13
9590741,13
9633907,13
9592990,13
24982469,13
789961,13
14169,13
3239254,13
4194316,13
5752007,13
6054813,13
5411796,13
3240826,13
5310602,13
3930624,13
2849750,13
5753591,13
120879,13
9563837,13
2929633,13
2905495,13
5823572,13
1072898,13
594662,13
6868901,13
5452341,13
24762046,13
2928644,13
866503,13
5184800,13
698133,13
901293,13
16412603,13
3596034,13
1368249,13
6400942,13
72722,13
24789739,13
16452489,13
12303047,13
1952758,13
6362905,13
5048220,13
9551943,13
15945679,13
835162,13
7535080,13
564008,13
2955678,13
9550553,13
10205,13
16757835,13
11958865,13
11958912,13
3725036,13
3647987,13
6865722,13
5441374,13
5532602,13
2187440,13
3838273,13
5307327,13
14710,13
5832601,13
7892717,13
652581,13
5341505,13
16014341,13
6406850,13
2997774,13
663146,13
19685645,13
2079240,13
833988,13
6889917,13
2561590,13
2673126,13
5636055,13
5760485,13
7502647,13
2129554,13
9612783,13
1375610,13
5094315,13
3129244,13
15944939,13
5419384,13
5918115,13
24816775,13
9552014,13
5936993,13
200953,13
5419351,13
2660503,13
3727742,13
4793924,13
5921555,13
6603435,13
3237130,13
728868,13
3379829,13
2812756,13
712714,13
2135723,13
24892212,13
3242847,13
9551407,13
2107652,13
6224317,13
16236105,13
2140576,13
818737,13
751862,13
5431227,13
2983339,13
1475345,13
11057,13
4247466,13
3238343,13
6860057,13
20279,13
3960591,13
5904441,13
1347824,13
5762418,13
4091588,13
4654931,13
708260,13
689261,13
2980973,13
1483052,13
6215653,13
4917203,13
15944671,13
15945776,13
3259,13
4791237,13
20959079,13
5359866,13
6509203,13
2921215,13
646043,13
3784439,13
1472329,13
2815175,13
976141,13
12006270,13
1075260,13
9799192,13
12004488,13
2483623,13
6603466,13
2997481,13
2452801,13
5841297,13
15740792,13
5400800,13
665535,13
4534,13
1190244,13
12004565,13
5791841,13
1736158,13
6050443,13
10037895,13
12006167,13
2794423,13
2783649,13
5795723,13
5308340,13
664077,13
754503,13
1907983,13
5417654,13
5082182,13
791069,13
2077850,13
6014635,13
11102,13
3236321,13
5923073,13
1140587,13
12627144,13
100335,13
6419892,13
1484338,13
3629945,13
935927,13
5907838,13
1217389,13
1414561,13
6054675,13
2345722,13
9661009,13
1090308,13
8030390,13
5713202,13
12006134,13
9648076,13
2092851,13
2106395,13
15944990,13
2337349,13
2746653,13
3240665,13
7314606,13
4840549,13
6282071,13
16452952,13
2350207,13
653192,13
932617,13
911287,13
2418645,13
5309717,13
2112794,13
221125,13
5996096,13
5733483,13
5795962,13
7341556,13
5771389,13
2977478,13
756028,13
224644,13
16193008,13
4437603,13
2408490,13
5338360,13
4840582,13
16241897,13
3562364,13
5308351,13
5353574,13
3608891,13
6603392,13
3799,13
650462,13
5928853,13
191,13
818739,13
7315552,13
1873833,13
260645,13
11958768,13
16195253,13
1214909,12
800760,12
5513118,12
5708002,12
3856851,12
18593578,12
22554570,12
755636,12
851892,12
161532,12
1481622,12
6078215,12
3237626,12
5811786,12
644274,12
6873297,12
16682542,12
890456,12
662147,12
23693538,12
2948526,12
5308146,12
2557808,12
2859888,12
6217600,12
9624557,12
2851304,12
5309471,12
1518980,12
2723598,12
45099939,12
16193233,12
1481617,12
5338376,12
5280343,12
3236382,12
3279941,12
2421674,12
5281670,12
1242540,12
4889526,12
2114858,12
24892626,12
15945829,12
373692,12
3775913,12
3431315,12
1782673,12
694350,12
1335166,12
2944628,12
9586176,12
2303897,12
663060,12
5800279,12
3160888,12
1247094,12
5393549,12
5975095,12
893238,12
6604751,12
5713277,12
659229,12
44202267,12
5584117,12
5824722,12
10860295,12
722352,12
2809268,12
16187234,12
2132296,12
24791044,12
44142144,12
3698,12
4141139,12
5337472,12
5424963,12
9615209,12
833976,12
910773,12
16001802,12
3679708,12
2121806,12
24816490,12
5773323,12
42628599,12
6324591,12
1397125,12
2735289,12
6149177,12
2876575,12
6603233,12
3241163,12
5335755,12
3806,12
5281767,12
3241690,12
647027,12
2957085,12
2302047,12
9879642,12
260556,12
2458702,12
1140643,12
1730,12
990032,12
6426773,12
36711028,12
16446376,12
4879810,12
3244215,12
3239318,12
6058877,12
2144319,12
5528598,12
22554569,12
1991174,12
5979506,12
16195158,12
6517627,12
4009697,12
9653469,12
7381,12
675786,12
3245942,12
5552742,12
1534926,12
6871377,12
2449454,12
20959061,12
5311,12
443831,12
610995,12
5894545,12
2236497,12
978069,12
44602318,12
5322302,12
6000691,12
5446001,12
6623618,12
822107,12
5416418,12
110119,12
5656784,12
776925,12
2928736,12
1589731,12
5328760,12
1262361,12
1331611,12
1209895,12
2200749,12
5353992,12
874744,12
3799440,12
2309197,12
651082,12
2545261,12
15945005,12
650573,12
9667903,12
3319616,12
46742353,12
1874139,12
5923129,12
4485,12
5440971,12
6050279,12
852940,12
9559971,12
6279606,12
2112599,12
663609,12
45099935,12
72574,12
16725269,12
9609431,12
886511,12
2476715,12
5365184,12
900971,12
3098837,12
2275810,12
53206458,12
1222047,12
2897727,12
6362174,12
12005313,12
2056784,12
3238920,12
44631789,12
5281295,12
439647,12
5439935,12
2123742,12
7109947,12
6477637,12
4183496,12
5458171,12
16192798,12
5455,12
16746145,12
9593110,12
54684448,12
1102900,12
1477566,12
11958738,12
898709,12
652971,12
20959080,12
24892079,12
3313095,12
884367,12
5585256,12
12005598,12
351549,12
5727347,12
2834638,12
2953135,12
634713,12
6096218,12
2965324,12
2142225,12
3245881,12
5749545,12
24747958,12
16193032,12
16189445,12
5289419,12
5717413,12
3296286,12
6104167,12
3606829,12
661958,12
649731,12
665493,12
5309561,12
1715236,12
42628598,12
751869,12
441373,12
9893924,12
5419068,12
7109931,12
2967368,12
46742345,12
4369270,12
2213073,12
16192647,12
1292318,12
6089713,12
6878959,12
2052,12
3356561,12
2415319,12
9618012,12
973124,12
4656182,12
666746,12
5412569,12
5307346,12
7584226,12
658731,12
6288147,12
16446868,12
9595162,12
9653239,12
11958710,12
2803102,12
1724248,12
2369069,12
12425557,12
2823045,12
4561725,12
665178,12
5929242,12
1895705,12
1503622,12
5345584,12
16193034,12
936065,12
2815964,12
5917526,12
16196928,12
5938754,12
2899074,12
779573,12
3242011,12
4077805,12
5921223,12
2816888,12
361510,12
2221657,12
2186107,12
650250,12
5779316,12
3136121,12
10735291,12
2247,12
16189234,12
24761168,12
65064,12
649053,12
20168452,12
2920303,12
5760298,12
969982,12
16446380,12
660258,12
9566818,12
1870326,12
2378273,12
3554733,12
5348934,12
5284416,12
2820199,12
2767330,12
12005314,12
2999946,12
6404644,12
2213056,12
1749332,12
16014492,12
9676474,12
2998271,12
4171355,12
3218940,12
21211451,12
2872206,12
12005722,12
5397296,12
930984,12
5809532,12
1632488,12
16249515,12
3244140,12
3218,12
9117011,12
2439209,12
1537043,12
9608279,12
9681665,12
5713435,12
2876479,12
6224576,12
24816489,12
9593837,12
20885153,11
937982,11
15945822,11
1487485,11
2402478,11
4416460,11
2185720,11
2336835,11
16187235,11
247228,11
24207206,11
850484,11
11957689,11
1017323,11
16446302,11
2241667,11
3157644,11
1382506,11
3244385,11
16806301,11
2632862,11
646096,11
1847781,11
3336201,11
65348,11
894322,11
756377,11
6918369,11
46742349,11
45099940,11
45099946,11
5403998,11
16446370,11
690129,11
1625367,11
783279,11
1728272,11
2933892,11
9680914,11
739245,11
652790,11
1583996,11
1637653,11
2975205,11
2768758,11
5310655,11
1596915,11
5720124,11
1736381,11
4888749,11
1928929,11
16682730,11
4835204,11
7207489,11
6393553,11
5290861,11
2421792,11
719137,11
6350762,11
45099945,11
5346216,11
1243918,11
16012863,11
4296505,11
6251331,11
3128208,11
892370,11
16195989,11
3090520,11
5210304,11
6899477,11
1207959,11
9583467,11
3142290,11
3248311,11
5309816,11
442142,11
3245701,11
2929846,11
7066857,11
5332621,11
5727752,11
6402998,11
1855553,11
1629947,11
5411323,11
667490,11
4054690,11
46742354,11
12004437,11
3243760,11
5998849,11
16407310,11
44602315,11
11293258,11
16193502,11
650707,11
1234393,11
5770968,11
1329592,11
3702591,11
6468758,11
2868950,11
6552077,11
44631785,11
2816883,11
1026625,11
869163,11
3157645,11
5756985,11
9582597,11
16446371,11
2998676,11
5840603,11
662235,11
2426234,11
4974442,11
1298252,11
1911771,11
5389621,11
4333778,11
5879183,11
5347385,11
722640,11
2055082,11
705876,11
3735790,11
6122140,11
16236316,11
3878282,11
5341375,11
3238021,11
6064372,11
1183030,11
4832437,11
6518624,11
3245749,11
23670524,11
3243290,11
3129252,11
5708003,11
678138,11
649707,11
896591,11
45099944,11
2052803,11
5020681,11
12004643,11
5737730,11
646956,11
44631782,11
24761675,11
16745538,11
332219,11
946898,11
894181,11
2422317,11
534563,11
5307612,11
3242453,11
2888976,11
2818392,11
44602350,11
285033,11
3604468,11
44246753,11
3155287,11
11979281,11
896836,11
5405,11
2722,11
3096032,11
3113079,11
16195554,11
1482682,11
4620544,11
12005716,11
657462,11
2354167,11
1327568,11
1266353,11
1740950,11
5890582,11
2175556,11
2228772,11
5922856,11
5934507,11
5379238,11
16682231,11
95223,11
3449593,11
3844957,11
891159,11
2839401,11
1235256,11
2351184,11
45099941,11
5307805,11
16745523,11
662954,11
2378291,11
15999416,11
112939,11
3236395,11
12004682,11
985526,11
20992,11
9619214,11
2322338,11
843322,11
54687518,11
6914151,11
9590449,11
12006135,11
6898113,11
6009770,11
1895189,11
3000142,11
1917244,11
5322711,11
898510,11
44602352,11
5320418,11
230812,11
7349533,11
947049,11
1481616,11
4972598,11
2983841,11
2980954,11
3136134,11
3237327,11
5445998,11
665518,11
6156419,11
6277463,11
16682501,11
5619529,11
2475979,11
542822,11
1619531,11
1537017,11
5154,11
2837694,11
44143715,11
3242053,11
5343154,11
345777,11
9635063,11
1504002,11
6868234,11
23724249,11
6224565,11
5619065,11
1951292,11
7529577,11
5350572,11
691683,11
3380837,11
5824720,11
1211724,11
6872215,11
9569065,11
16014363,11
5742517,11
3236225,11
3157014,11
5731684,11
21231172,11
6949302,11
665183,11
1994749,11
5331702,11
887759,11
659453,11
3136845,11
2324620,11
663270,11
44202268,11
46742340,11
107985,11
4484064,11
1914872,11
5291838,11
2240104,11
716779,11
2136882,11
6213987,11
92222,11
7207303,11
354677,11
3469947,11
778068,11
5358773,11
6241261,11
702952,11
44631791,11
16193145,11
2876959,11
1107359,11
15945082,11
6181153,11
6878229,11
24979611,11
16192912,11
3242931,11
24789819,11
12006282,11
3143422,11
1479791,11
16410414,11
1908236,11
1259370,11
833981,11
5378081,11
9667523,11
16196319,11
661241,11
1734089,11
5808003,11
5764238,11
24892261,11
6870079,11
5307115,11
44631787,11
45099943,11
1484664,11
4331202,11
5918095,11
1299127,11
658723,11
2914378,11
2199765,11
6524677,11
2928413,11
659124,11
658276,11
1202551,11
2186406,11
44631783,11
6155640,11
44602351,11
5807729,11
1087128,11
87935,11
12005214,11
699724,11
1101639,11
9550329,11
16195593,11
45099948,11
18083820,11
3798960,11
387104,11
16188836,11
1905664,11
16446988,11
24791027,11
9571124,11
1017704,11
1160447,11
5999536,11
4435646,11
687221,11
3161537,11
11957177,11
665008,11
16028005,11
4089709,11
886107,11
2997963,11
1875855,11
6015159,11
972292,11
8371,11
6683,11
6860069,11
2854508,11
9828429,11
2136878,11
12005599,11
2731237,11
54708266,11
16436607,11
5717209,11
16446305,11
3013166,11
2966178,11
663743,11
5418650,11
42890,11
1382504,11
4067241,11
3782660,11
5702759,11
754796,11
6217620,11
6351925,11
9550406,11
15784539,11
2229150,11
6184189,11
2950423,11
4091590,11
3237865,11
5765137,11
5076888,11
9576957,11
9947479,11
916230,11
665525,11
3941719,11
12005837,11
6867648,11
305244,11
665013,11
2303746,11
5345275,11
5338522,11
16194548,11
3500086,11
4205238,11
1767610,11
6183031,11
727593,11
6545175,11
5521060,11
6027441,11
4381127,11
5757581,11
5281787,11
5665177,11
6604373,11
23581792,11
3384730,10
6602984,10
5708370,10
6901875,10
2540894,10
1445420,10
2044775,10
2899875,10
2999802,10
704023,10
3698299,10
9566902,10
974969,10
1536777,10
1767747,10
1047727,10
3236343,10
2920939,10
24982972,10
5785332,10
1477595,10
2831451,10
224810,10
2422766,10
5307697,10
9642230,10
1189600,10
5309268,10
3242904,10
9645219,10
2874250,10
790083,10
2199592,10
5769025,10
24789249,10
2764158,10
16196279,10
5406256,10
7314657,10
802802,10
655307,10
3238389,10
6296286,10
5400454,10
5281614,10
16193002,10
2950007,10
2754564,10
5337366,10
9725965,10
936435,10
5769131,10
12004479,10
3129248,10
5658596,10
11958618,10
6903688,10
13622,10
5436804,10
56642881,10
46742343,10
1960206,10
4351551,10
648801,10
3138592,10
24792817,10
1905415,10
5737516,10
2370102,10
1880649,10
38911,10
665303,10
645210,10
2862213,10
6273953,10
939148,10
2444453,10
1878864,10
6269547,10
295346,10
6842960,10
786403,10
3244649,10
6602960,10
2995798,10
1862178,10
24747730,10
64945,10
9567048,10
1067700,10
775360,10
1263400,10
665654,10
6401129,10
833786,10
2275069,10
3773351,10
4576185,10
11958671,10
447607,10
9662342,10
1238357,10
11948870,10
6908412,10
850407,10
16806362,10
1388232,10
5983846,10
2291671,10
5824309,10
230748,10
5005059,10
46742338,10
2570816,10
73677,10
2030972,10
5737412,10
4265814,10
3728472,10
5756371,10
3241476,10
3244243,10
6603036,10
3959870,10
5910688,10
6217526,10
6220216,10
97662,10
5865031,10
2998213,10
3091421,10
1400,10
2136890,10
16195322,10
2136907,10
1474141,10
2561752,10
3991315,10
2849383,10
240350,10
2402326,10
4058832,10
9550488,10
202512,10
5389036,10
2230146,10
2948745,10
9551861,10
2422483,10
16192643,10
16403454,10
837868,10
2723601,10
1918048,10
2992266,10
2423957,10
46499885,10
5393901,10
2313748,10
1489560,10
6509369,10
5753096,10
866500,10
5310645,10
1740011,10
6899637,10
2133640,10
2497075,10
1366257,10
16014365,10
5310639,10
3899825,10
5286239,10
5713206,10
11948786,10
2827475,10
2865835,10
2999234,10
2376189,10
3677740,10
936147,10
5799360,10
2320898,10
9547813,10
3237904,10
284998,10
6524439,10
15944756,10
2928562,10
3757655,10
951194,10
4068871,10
24892525,10
739097,10
2885134,10
24892075,10
15990739,10
6266272,10
2900050,10
5835093,10
3332172,10
5307467,10
2012947,10
1100894,10
2594234,10
655443,10
1317357,10
879233,10
24978568,10
784088,10
1980018,10
3245074,10
7109978,10
731393,10
46742344,10
46742350,10
3456531,10
16725268,10
25181201,10
1246385,10
12748881,10
2194030,10
1388836,10
946090,10
6884203,10
11948757,10
9550113,10
4880417,10
5924339,10
6078945,10
666093,10
4617025,10
9685271,10
2894113,10
4880352,10
568592,10
5724239,10
679340,10
2264736,10
1432812,10
5416322,10
3117079,10
5415835,10
660939,10
6604199,10
53393835,10
2884570,10
973174,10
16682085,10
3080568,10
5350651,10
24761319,10
242436,10
2818896,10
9591709,10
3325323,10
3242447,10
5924208,10
3243638,10
5761347,10
2006230,10
12005023,10
872810,10
5867332,10
802849,10
1472024,10
4839003,10
16195270,10
3801816,10
1220334,10
5765335,10
1211576,10
1108212,10
12309904,10
5851630,10
2423595,10
1386410,10
663926,10
5505332,10
1481943,10
16193971,10
6076775,10
3476067,10
397073,10
5709318,10
656122,10
2810429,10
2557762,10
16446369,10
4293343,10
664026,10
1475980,10
5431927,10
2912777,10
5771496,10
301935,10
644796,10
2309355,10
5812178,10
5382140,10
1613877,10
6012169,10
912884,10
876417,10
9581887,10
658850,10
3124417,10
6508428,10
3236557,10
671424,10
804043,10
26041,10
8323,10
2409986,10
2091388,10
280859,10
3243517,10
4831088,10
439260,10
715698,10
2159039,10
6256902,10
1108556,10
767585,10
6508318,10
2214213,10
982743,10
7404291,10
9587731,10
5991330,10
23724408,10
54679655,10
2253785,10
738235,10
5203568,10
6413218,10
2864688,10
24761059,10
3242078,10
1715432,10
662385,10
16196165,10
2196572,10
328774,10
3236125,10
5679804,10
17577500,10
6185,10
2899437,10
1612038,10
4129168,10
664390,10
3280328,10
658171,10
876225,10
5734356,10
6015747,10
5396132,10
5740802,10
13847804,10
2145570,10
2220908,10
724753,10
705265,10
10667,10
9551797,10
2806294,10
164754,10
1951182,10
5435067,10
34829688,10
5405419,10
6602552,10
44144282,10
2296726,10
12005597,10
4380267,10
1472976,10
1930124,10
16413079,10
2927953,10
5863319,10
2585229,10
5749438,10
5021903,10
661305,10
24891790,10
1589729,10
1254639,10
6197,10
664560,10
5884815,10
24207714,10
3685735,10
3746307,10
6508400,10
5721447,10
250997,10
16682713,10
16012865,10
3244344,10
2744279,10
1560103,10
2794916,10
16193396,10
71398,10
16436605,10
12005755,10
1327166,10
4055670,10
16746083,10
5756549,10
5971886,10
833065,10
5334123,10
16745506,10
1915100,10
1653161,10
5310555,10
44202271,10
16196223,10
889773,10
3245534,10
6915727,10
790501,10
3600439,10
24867533,10
9660530,10
3671778,10
9614673,10
3241407,10
3244444,10
748350,10
2943798,10
6708701,10
2791433,10
801586,10
3240449,10
2060089,10
821226,10
2215308,10
5310850,10
662056,10
6040337,10
5690151,10
1897383,10
1371384,10
9668913,10
644407,10
767861,10
761640,10
4208272,10
3157646,10
2203505,10
780684,10
5407960,10
44631786,10
5762896,10
3117077,10
5905402,10
9643741,10
4652205,10
1014103,10
3485268,10
1114256,10
2918454,10
16194950,10
16195846,10
1958984,10
2921018,10
56642958,10
5522397,10
757048,10
16746625,10
2944910,10
739340,10
5280443,10
3245765,10
655381,10
781047,10
3245546,10
44202272,10
2943399,10
16188379,10
7292609,10
1625575,10
16242410,10
2807476,10
658787,10
6883074,10
751856,10
9641704,10
2121567,10
819097,10
24983085,10
5351222,10
5152597,10
2085261,10
970640,10
3066411,10
720233,10
2952997,10
24793697,10
2953526,10
5546,10
2910633,10
16447016,10
972317,10
979629,10
3132202,10
2939837,10
24789272,10
846401,10
2241608,10
3379825,10
14412270,10
671256,10
16446215,10
247304,10
3089122,10
2997660,10
16746621,10
665449,10
4030924,10
3689411,10
56642948,10
2354389,10
656135,10
877195,10
24761158,10
8514,10
4159856,10
3154407,10
4891533,10
1927286,10
1547963,10
2769183,10
20959105,10
5388983,10
2307751,10
1422298,10
3157647,10
3154392,10
5389871,10
56642866,10
2236478,10
272567,10
5941975,10
1311254,10
5932768,10
931356,10
2168035,10
2521,10
72652,10
2881753,10
5382674,10
20959087,10
664885,10
5431230,10
4237595,10
24818137,10
6859942,10
5962296,10
14161,10
1300622,10
1922631,10
185146,10
16447157,10
5852959,10
1881345,10
16189676,10
659567,10
5508430,10
15945063,10
2810028,10
2901146,10
236275,10
5722712,10
9616945,10
2402238,10
5307404,10
44483406,10
2896669,10
2470333,10
929494,10
661261,10
2964786,10
2102349,10
11726019,10
686860,10
10168,10
774975,10
5742573,10
2806957,10
6871607,10
9594188,10
807603,10
5415878,10
5903656,10
2862215,10
5720659,10
5287620,10
657946,10
716585,10
5333607,10
3912810,10
5727181,9
24762079,9
3714790,9
5308608,9
1609,9
2812498,9
307157,9
3246652,9
102185,9
3837201,9
2058961,9
3136122,9
6084962,9
2121796,9
16410920,9
2488340,9
2301821,9
6862748,9
70821,9
780996,9
848635,9
2554530,9
5347402,9
12004598,9
1328217,9
11958872,9
46742337,9
1014967,9
6295077,9
24761624,9
822208,9
1262919,9
9635730,9
1885341,9
1360413,9
6172403,9
2368804,9
3980962,9
879093,9
6243882,9
2815176,9
4104905,9
665043,9
6536934,9
298930,9
605332,9
5952293,9
3651377,9
46742348,9
6223681,9
6867786,9
863515,9
114917,9
5719806,9
1254471,9
9568781,9
689491,9
3243550,9
2921493,9
800941,9
3551106,9
6862678,9
1186757,9
681024,9
660660,9
2886102,9
2220183,9
2190777,9
7315331,9
24761597,9
23724261,9
5461314,9
738863,9
5953897,9
6883601,9
1337736,9
9679909,9
762570,9
2131984,9
664856,9
892458,9
800230,9
2429542,9
4390212,9
16745540,9
1452801,9
2726176,9
727725,9
1287,9
2815705,9
781660,9
5377144,9
2158877,9
677881,9
5428505,9
5318834,9
1346017,9
224922,9
5937364,9
3237815,9
1933256,9
6603137,9
612424,9
15944675,9
5674353,9
982808,9
5731731,9
5758355,9
6138305,9
5389843,9
645310,9
979664,9
5190395,9
1997393,9
46742355,9
3108,9
5409965,9
9594620,9
11405589,9
1096078,9
15996835,9
52998403,9
1916528,9
16189758,9
628013,9
2242340,9
3690550,9
11949215,9
5421279,9
2006281,9
13891339,9
5454002,9
1917125,9
2725211,9
667277,9
1474148,9
16192986,9
1479266,9
6224348,9
2989697,9
1851480,9
4251978,9
46742351,9
46742341,9
2604144,9
5333681,9
3168141,9
100641,9
4831254,9
7110074,9
6708487,9
5309639,9
889149,9
7720817,9
4657180,9
17285441,9
2320375,9
5342649,9
3138753,9
47508,9
734388,9
5734258,9
5730111,9
1207945,9
2866410,9
2742284,9
5771274,9
6515367,9
5428579,9
940069,9
1943921,9
2962532,9
5684196,9
233331,9
160157,9
2113346,9
2532437,9
16274573,9
345686,9
5105556,9
943399,9
12006136,9
774089,9
676309,9
653744,9
5347156,9
24979739,9
2915477,9
1353238,9
1884111,9
2972188,9
3243924,9
12006166,9
96506,9
648334,9
16196853,9
12004519,9
849451,9
5932448,9
2296326,9
4885570,9
5335659,9
220401,9
9550235,9
6418635,9
15945337,9
4876538,9
1548113,9
1482943,9
3577588,9
648154,9
1088432,9
2819095,9
5308230,9
611216,9
46907798,9
6604860,9
6291948,9
5397214,9
664150,9
16191507,9
10414856,9
1474461,9
5883623,9
16194482,9
1998838,9
3506671,9
17283487,9
776160,9
12005494,9
9636219,9
4454203,9
3107732,9
9620303,9
6217663,9
5310040,9
659537,9
2275582,9
5389099,9
16195058,9
1519926,9
16446681,9
16758035,9
1001295,9
16196934,9
16682266,9
1100692,9
839988,9
2176608,9
6032979,9
16682160,9
6045522,9
1108211,9
16453202,9
5110696,9
5308593,9
3568528,9
643007,9
11958855,9
1777758,9
2860584,9
5340492,9
5333452,9
658921,9
2226429,9
2985532,9
5345508,9
5403977,9
2036464,9
950682,9
900795,9
5938440,9
24817878,9
5455166,9
5265,9
16955,9
5725993,9
4679493,9
644901,9
935003,9
1719534,9
5309875,9
54690421,9
44602326,9
16745861,9
1470913,9
7285210,9
1266360,9
4094375,9
2572847,9
2099550,9
1728273,9
818647,9
3565190,9
2834423,9
12573566,9
6575509,9
16452961,9
44143082,9
2307981,9
662053,9
1712845,9
2366734,9
9510880,9
312601,9
6418774,9
24761377,9
16446382,9
2012945,9
4571031,9
1486985,9
16446399,9
6078562,9
3551008,9
9593133,9
2171132,9
16745788,9
2193022,9
1183863,9
5731496,9
1243441,9
2126544,9
5714571,9
2927276,9
1252694,9
18968508,9
3629385,9
434633,9
975392,9
3240242,9
21230740,9
5771158,9
3241960,9
5308990,9
18127589,9
379338,9
5702227,9
638278,9
659503,9
2962902,9
5773450,9
5447857,9
24747662,9
5524326,9
738225,9
2918437,9
1696227,9
3270222,9
2334417,9
3789515,9
1907814,9
5906319,9
4811966,9
2343864,9
5763525,9
1875260,9
2190927,9
2132264,9
11835305,9
6604934,9
3399068,9
6211977,9
2966414,9
1494229,9
16745790,9
4526399,9
2862222,9
11958819,9
6858705,9
667214,9
16682628,9
1090779,9
5307818,9
5091521,9
446541,9
6873208,9
1172084,9
6867765,9
3483703,9
145726,9
814519,9
659809,9
3575787,9
1614226,9
2329160,9
6148812,9
1918453,9
56642913,9
879392,9
24761318,9
56642840,9
176406,9
6213986,9
2459756,9
1242818,9
44202261,9
3216691,9
4962048,9
6869533,9
6899176,9
4678346,9
849439,9
5759288,9
6898032,9
16481194,9
2999537,9
2367587,9
2998840,9
9594287,9
16452954,9
3115023,9
665720,9
4993,9
5937406,9
972980,9
2818359,9
817337,9
1790575,9
2746661,9
16681898,9
753169,9
5286813,9
2231560,9
666838,9
5499874,9
16681768,9
5281073,9
46742346,9
5760042,9
1736341,9
1164613,9
2274766,9
232570,9
1981622,9
622877,9
1620331,9
6304902,9
9594345,9
2323759,9
4094710,9
1305053,9
1847880,9
160364,9
5751386,9
4677342,9
16193983,9
16745813,9
4210202,9
4939,9
1534925,9
6901738,9
24011657,9
667120,9
658014,9
9636918,9
339701,9
148673,9
2921022,9
6620526,9
5331956,9
4349596,9
1653133,9
9585764,9
25181242,9
23724418,9
665390,9
20959060,9
910931,9
91754,9
664279,9
3217655,9
6291421,9
3775080,9
1150803,9
582632,9
9551286,9
3161426,9
56642823,9
798396,9
3290873,9
3898532,9
886529,9
3216694,9
939750,9
789551,9
1986560,9
3781244,9
1284704,9
2232803,9
797526,9
6537260,9
2058969,9
16682576,9
879044,9
16195716,9
16682705,9
2869286,9
5291664,9
3106303,9
1246396,9
2244116,9
2929884,9
658982,9
706244,9
54687597,9
6867564,9
4141238,9
648186,9
3160859,9
46742342,9
724088,9
1999904,9
755971,9
843346,9
20846859,9
3754375,9
2197085,9
708043,9
4247467,9
3235911,9
1883073,9
5405444,9
2238454,9
6508380,9
698490,9
1422653,9
802594,9
6263720,9
2324950,9
9665483,9
1242782,9
3864422,9
663986,9
2732206,9
735216,9
3147001,9
6223700,9
5332336,9
16192618,9
5342491,9
833970,9
5309478,9
1254872,9
5781144,9
370,9
16717706,9
5334477,9
2803479,9
4002431,9
5335625,9
872088,9
16411432,9
5461521,9
3158817,9
784748,9
16196423,9
16189653,9
2814914,9
1048267,9
15944884,9
3146254,9
24789730,9
16412938,9
1486955,9
149800,9
5453802,9
9597786,9
5216133,9
2547579,9
12006266,9
2886682,9
831331,9
2896518,9
5399788,9
3241814,9
3800306,9
6070340,9
1270554,9
2201553,9
16745525,9
4212,9
1968717,9
5771351,9
5742562,9
2187445,9
7502724,9
972782,9
5615213,9
2962283,9
9555220,9
3053058,9
895429,9
24978565,9
4230544,9
2223604,9
16745524,9
16193908,9
16196807,9
1901667,9
4253856,9
5196974,9
654318,9
3244178,9
5739219,9
16547660,9
5079010,9
658614,9
2287238,9
3240765,9
659717,9
866501,9
101430,9
8034531,9
3810898,9
6917325,9
8974,9
5905739,9
5354033,9
2877277,9
2530952,9
1371498,9
160254,9
3242865,9
1311835,9
5332708,9
6239,9
1643479,9
5855622,9
851542,9
360219,9
3245603,9
662423,9
5588055,9
5994065,9
4173461,9
6139000,9
24979092,9
1790614,9
7573,9
6852399,9
4257368,9
2402693,9
6149116,9
16682556,9
4390427,9
6392048,9
1474328,9
16193300,9
375151,9
1245272,9
686057,9
1214927,9
9916275,9
5101096,9
2725954,9
46742357,9
6874971,9
2898055,9
327045,9
2382353,9
5726593,9
1540147,9
2726174,9
654107,9
4162424,9
2532010,9
5350772,9
652346,9
16194507,9
5731706,9
2477027,9
9594805,9
5461523,9
1652555,9
24792593,9
4519262,9
44202257,9
4673121,9
5927217,9
800766,9
20888086,9
16682142,9
848114,9
5568081,9
747184,9
9636047,9
9632496,9
654330,9
1220296,9
886174,9
761213,9
1247515,9
1967479,9
6249312,9
6267705,9
457964,9
7082,9
6009051,9
5549699,9
9594536,9
1588251,9
5741350,9
2453580,9
1721956,9
16757864,9
6888371,9
2312594,9
6526060,9
894520,9
1286643,9
7532476,9
761546,9
12005614,9
2585250,9
5855786,9
7110101,9
2561414,9
7172585,9
2769282,9
31316,9
739449,9
24761993,9
16189574,9
371593,9
5290648,9
1790491,9
5076721,9
16034298,9
24747653,9
7105669,9
9636310,9
2044030,9
9607467,9
5389102,9
5758099,9
15382621,9
3242307,9
759347,9
3241760,9
45099937,9
2937718,9
2946841,9
3848313,9
5396556,9
15945262,9
24793549,9
74787,9
647922,9
873953,9
624478,9
1421994,9
371056,9
934269,9
10298511,9
664749,9
5802223,9
4879298,9
5309919,9
936364,9
1394220,9
7514876,9
555198,9
3095209,9
3156036,9
672470,9
2976904,9
16682047,9
2096414,9
667316,9
1976940,9
54676097,9
2974249,9
16014337,9
3244772,9
8562,9
5308727,9
2321190,9
1893759,9
3767571,9
645017,9
1314808,9
542899,9
6869876,9
1906043,9
5400473,9
2035190,9
2841621,9
2291569,9
3583690,9
9566592,9
2054727,9
2382936,9
4897494,9
939795,9
5936077,9
4178804,9
3244543,9
24761326,9
2949438,9
5911247,9
2051205,9
6603104,9
658101,9
2885420,9
1012208,9
2987363,9
6903659,9
6262436,9
2926010,9
11979298,9
1918388,9
732622,9
3238944,9
7105617,9
1299052,9
9937256,9
16196988,9
3842774,9
446849,9
24793742,9
1277344,9
16196009,9
864329,9
2964931,9
2244730,9
651512,9
369538,9
5833956,9
2537506,9
6378950,8
6602921,8
1048330,8
3127253,8
5022720,8
12005457,8
5309663,8
4896058,8
2180260,8
2081442,8
652106,8
651099,8
1517919,8
3767937,8
5315615,8
24892061,8
1178171,8
4375033,8
11979304,8
20179657,8
5882673,8
6603501,8
11948835,8
6412334,8
5345764,8
3793001,8
5742568,8
6184563,8
3236755,8
1534931,8
2810518,8
953520,8
6890368,8
2812530,8
2279440,8
868243,8
3392161,8
9549552,8
11618315,8
6858606,8
5416427,8
2853283,8
2204573,8
2117680,8
3238005,8
2437300,8
5446018,8
2477651,8
625522,8
9599854,8
9678654,8
661810,8
977038,8
667183,8
870346,8
666531,8
5513575,8
1321364,8
5356192,8
1931799,8
1630995,8
49766518,8
1207780,8
5797650,8
5872358,8
1486255,8
5974956,8
1471085,8
652628,8
15945023,8
654955,8
9666997,8
1486984,8
6401254,8
15944935,8
2396486,8
5583816,8
7309526,8
5929094,8
2102842,8
5750365,8
74491,8
6280515,8
14925590,8
6884156,8
5825928,8
3237613,8
4244376,8
5385255,8
12005660,8
6147886,8
6327770,8
781698,8
1340199,8
16188979,8
2331498,8
26695,8
16682106,8
2100274,8
9584182,8
2997877,8
9594082,8
6522725,8
3514052,8
15944908,8
3774041,8
1008286,8
4686761,8
3492502,8
912656,8
3913264,8
5763840,8
2884325,8
694929,8
9444,8
3236403,8
975065,8
2815701,8
3341655,8
16189824,8
8272034,8
1122589,8
828649,8
2384712,8
23386,8
1042773,8
17579079,8
1487353,8
5905321,8
4880974,8
6028554,8
3284314,8
658862,8
935025,8
16192806,8
667173,8
6470861,8
16187732,8
9774264,8
658469,8
1977047,8
6875684,8
5336094,8
12006144,8
1088353,8
6917582,8
742703,8
3004085,8
54736625,8
1208078,8
3841172,8
2227134,8
325656,8
5280804,8
24792798,8
5735910,8
5408188,8
4457468,8
2724411,8
3239504,8
6861946,8
4839303,8
3590153,8
2322773,8
11957513,8
2997882,8
6904877,8
1046754,8
18109531,8
4027649,8
886207,8
999758,8
2158975,8
4252281,8
1281395,8
5411787,8
9549494,8
3825054,8
2999671,8
5703486,8
1278518,8
1346866,8
4072379,8
3015618,8
5389282,8
706322,8
2360050,8
16681968,8
658023,8
3237441,8
5761538,8
9678266,8
56603524,8
1341381,8
6098526,8
9580624,8
73453,8
49766530,8
14842828,8
397075,8
1037912,8
1183382,8
1227834,8
901969,8
3649145,8
659310,8
2322497,8
16746322,8
5372738,8
42574,8
1080609,8
3231105,8
718402,8
2832015,8
6903228,8
67238,8
1601813,8
2205097,8
16745794,8
1779857,8
5308111,8
1037240,8
894766,8
6096437,8
647349,8
5824726,8
2251286,8
665012,8
3518644,8
26964,8
16195408,8
6603603,8
5397104,8
767400,8
646784,8
2946788,8
5456770,8
6874283,8
3659619,8
6871868,8
1549158,8
2049836,8
663688,8
5281051,8
5860596,8
885007,8
854968,8
3236538,8
1909161,8
6019457,8
3322419,8
284927,8
286520,8
198909,8
691731,8
6897105,8
16188549,8
978071,8
665425,8
284471,8
661535,8
2265,8
24792850,8
6873617,8
6518031,8
16196163,8
2927523,8
665933,8
2941429,8
891770,8
38853,8
1256335,8
2819082,8
3294297,8
2322061,8
6604822,8
5759276,8
3177911,8
3315146,8
9551866,8
2104499,8
3449225,8
4681472,8
5389098,8
912352,8
3105194,8
16239210,8
2884240,8
7539642,8
9682721,8
15945131,8
2267112,8
2102207,8
24793688,8
921913,8
6514446,8
1116520,8
6883924,8
5653953,8
9549662,8
3915969,8
24761124,8
5389268,8
5515724,8
6897238,8
6603240,8
944164,8
1905581,8
9585545,8
11905861,8
5771316,8
11958729,8
9616928,8
648214,8
15940175,8
12477066,8
2817441,8
5389451,8
367783,8
665910,8
5732062,8
20900477,8
2893298,8
5287844,8
5723398,8
2373519,8
2291052,8
9550331,8
3110271,8
889170,8
5339816,8
1956833,8
6871430,8
2949669,8
2266783,8
16188599,8
5379210,8
2824156,8
798222,8
1361490,8
2583815,8
1356461,8
3094795,8
16682157,8
1475041,8
5738400,8
2862220,8
802293,8
821516,8
5309908,8
1245476,8
23670778,8
6537082,8
6603347,8
2952899,8
2542233,8
614841,8
2936373,8
622563,8
5289789,8
15945051,8
2463899,8
54685047,8
5423869,8
2171179,8
5767547,8
67275,8
1245230,8
5925896,8
2811332,8
3240564,8
8742541,8
6400935,8
3244779,8
5989949,8
2405941,8
51358932,8
10625000,8
12004950,8
1442807,8
2146420,8
2865152,8
1319933,8
1304776,8
5101515,8
6141748,8
5754108,8
5418071,8
5461338,8
931413,8
5708162,8
49843203,8
6324655,8
660514,8
4686258,8
2556991,8
875146,8
11835306,8
9614768,8
24747923,8
3790826,8
16194502,8
16682521,8
4299085,8
2735302,8
2103959,8
24761804,8
1767613,8
657453,8
638310,8
3728,8
7099036,8
6369798,8
5771404,8
2467100,8
1090305,8
3245124,8
5718556,8
5394402,8
1971514,8
1640536,8
6263206,8
5335910,8
4145279,8
6277262,8
5353639,8
793594,8
1931033,8
2834419,8
2102472,8
6465812,8
11841054,8
16746317,8
1895574,8
3136131,8
703723,8
2371253,8
16195107,8
5201260,8
660805,8
11958874,8
5419037,8
2420006,8
23631972,8
2558141,8
2210642,8
5406182,8
744222,8
5334290,8
755301,8
1583933,8
2170706,8
16746630,8
16682714,8
16195907,8
2930337,8
1298574,8
448222,8
2950397,8
7474059,8
973052,8
1211251,8
1251267,8
1728277,8
650556,8
19103,8
1790776,8
7105543,8
6262747,8
9551974,8
889490,8
11948839,8
3897207,8
1328006,8
1306288,8
16196382,8
3105132,8
2404975,8
49786172,8
6247456,8
1434023,8
2976659,8
10079106,8
5472171,8
883381,8
6896527,8
5390937,8
6084,8
6886506,8
664733,8
892808,8
9666375,8
5310053,8
5639749,8
2201555,8
12004675,8
693841,8
648853,8
5351116,8
2539138,8
5846425,8
9681611,8
3242572,8
7312244,8
1325215,8
6104225,8
17578782,8
902800,8
3236963,8
1989678,8
2524412,8
9675583,8
4101144,8
942915,8
5346164,8
5899869,8
1189783,8
2314694,8
934986,8
5317284,8
12005927,8
2358580,8
4885785,8
3763277,8
4544552,8
658737,8
4519571,8
717872,8
24892251,8
657698,8
2957586,8
2870872,8
5540661,8
6515554,8
2952123,8
2830011,8
2142222,8
5338122,8
951071,8
3121367,8
3236433,8
5981585,8
24792017,8
150655,8
5335764,8
2206575,8
29218174,8
2034435,8
5523597,8
5759277,8
2941457,8
41684,8
3240143,8
76357,8
1506964,8
11958456,8
5101991,8
1225338,8
16187415,8
8722,8
5354979,8
2412414,8
2999387,8
9651327,8
5045370,8
1479777,8
24761179,8
5443722,8
6224045,8
5400518,8
9593248,8
3117076,8
787437,8
11958780,8
924639,8
2158952,8
3242918,8
931812,8
5763292,8
12005595,8
6530097,8
871185,8
1535341,8
893017,8
2301119,8
3863948,8
3239187,8
1537492,8
6211926,8
5865129,8
1093790,8
4075,8
6905845,8
5335985,8
833984,8
617776,8
877474,8
3238678,8
777365,8
50904129,8
5928979,8
893102,8
727019,8
2922086,8
9586756,8
1225439,8
5765146,8
5344592,8
2848630,8
8321,8
1422604,8
4679126,8
5453599,8
255329,8
2876915,8
5309397,8
12005591,8
49766534,8
2908173,8
2864614,8
6900072,8
4649066,8
9667104,8
22641,8
1263893,8
16196106,8
2350220,8
5201463,8
11958717,8
5422425,8
18109372,8
6072154,8
3115076,8
7041550,8
6226078,8
5389217,8
9551787,8
9587374,8
664602,8
5260643,8
24981290,8
6885106,8
5392060,8
5235407,8
3720080,8
1908237,8
5456435,8
1256576,8
934786,8
2954404,8
897909,8
2858410,8
2877597,8
4055,8
2831452,8
15945204,8
23675739,8
662466,8
659752,8
4890044,8
659353,8
12005182,8
805251,8
16411562,8
662886,8
3234997,8
265935,8
72725,8
4879304,8
2899001,8
2852569,8
54718136,8
2290267,8
1552017,8
6883299,8
2945846,8
445154,8
6871631,8
650137,8
3794832,8
653902,8
1581118,8
5721056,8
9585713,8
16410416,8
3132648,8
769909,8
4641,8
5914490,8
1472012,8
6902055,8
2954481,8
2920402,8
1915589,8
16194473,8
3953791,8
8606,8
5770964,8
5389199,8
5453598,8
1188123,8
260309,8
1189526,8
658669,8
5894042,8
249097,8
1338937,8
16446093,8
43417670,8
4962012,8
657255,8
4837090,8
4522020,8
3104867,8
2927418,8
16682078,8
5396293,8
12005640,8
444899,8
24747725,8
50904134,8
16745820,8
5516062,8
12273833,8
1304074,8
2937970,8
664687,8
8924029,8
1434724,8
2386027,8
9678576,8
2738116,8
3564202,8
2049450,8
1310764,8
5972274,8
2356238,8
4673185,8
16191178,8
2443906,8
1080132,8
3266722,8
2083967,8
2247463,8
16413231,8
11841141,8
251641,8
7538979,8
4885085,8
46742339,8
5829511,8
5919900,8
2998537,8
3336226,8
295274,8
12703538,8
2944871,8
2834416,8
3122089,8
12343241,8
2026185,8
4296746,8
5339527,8
2929373,8
649322,8
5422140,8
9551891,8
5337997,8
5284484,8
2284831,8
5899266,8
1245473,8
7191270,8
1349698,8
9604991,8
5708012,8
15945006,8
5389398,8
2807234,8
5705988,8
54690452,8
6400963,8
932203,8
9563418,8
5723165,8
938026,8
5742541,8
941642,8
9566968,8
4547196,8
661082,8
2306393,8
6047829,8
2199938,8
65751,8
16193843,8
657927,8
2272534,8
1475985,8
2998768,8
4608040,8
3245746,8
6521579,8
6031825,8
5336349,8
2004899,8
1939154,8
650679,8
2998795,8
6505433,8
325627,8
122737,8
2185044,8
3091264,8
5636860,8
2238214,8
5884233,8
1227689,8
5742561,8
4286487,8
885318,8
1325822,8
5378858,8
2407446,8
4683236,8
4289057,8
7441600,8
3240730,8
5775732,8
9301,8
3314137,8
5423332,8
6353538,8
667131,8
5904335,8
3242860,8
455264,8
1209894,8
44607575,8
24761061,8
1305755,8
11352,8
2406282,8
667285,8
5445403,8
816729,8
5389783,8
1254624,8
763709,8
1209937,8
12006093,8
5847352,8
973504,8
2226076,8
15944887,8
5790,8
615484,8
6400926,8
6859153,8
1933137,8
9640650,8
2434104,8
2496862,8
5014760,8
6062131,8
5713591,8
2218249,8
3124029,8
4563,8
47936,8
6252,8
16189172,8
6537657,8
4535572,8
2269367,8
2117785,8
3236443,8
4144427,8
662199,8
16241593,8
16412199,8
4447959,8
5856986,8
16446684,8
661059,8
3238730,8
2874834,8
9581724,8
5730206,8
2812507,8
663168,8
2412504,8
5521053,8
5054376,8
800833,8
2829724,8
6899625,8
5308938,8
5757916,8
679717,8
1087037,8
6918469,8
12005499,8
5771461,8
2808819,8
1580704,8
5414982,8
2800260,8
3641052,8
9567149,8
889983,8
2860033,8
3815334,8
3464469,8
3375230,8
1602504,8
6285343,8
1380879,8
15945715,8
794433,8
6511067,8
664522,8
5721425,8
1057,8
6863572,8
213329,8
5429420,8
665299,8
3241215,8
24761134,8
917237,8
3123554,8
5399957,8
2767,8
5152866,8
934453,8
288814,8
15990706,8
16192826,8
5281847,8
732503,8
5685112,8
1508818,8
46742352,8
972436,8
83979,8
4890916,8
3128426,8
2095932,8
1576577,8
3238559,8
23724291,8
5329275,8
977785,8
4260640,8
6899626,8
5098884,8
222515,8
6377798,8
1246434,8
16188098,8
2951020,8
929925,8
1077243,8
480783,8
20179921,8
6365505,8
16682409,8
5414911,8
799470,8
663831,8
1069778,8
16196192,8
16192713,8
971803,8
3132665,8
16192804,8
141870,8
659551,8
9689554,8
3505890,8
6093161,8
3493567,8
3976052,8
2979223,8
5308664,8
3093457,8
6054275,8
16195128,8
7345532,8
762708,8
44487061,8
3693540,8
24761352,8
1285279,8
6616154,8
4190114,8
2387818,8
9576791,8
3239204,8
665473,8
5328770,8
12005196,8
5056270,8
655750,8
1548910,8
93864,8
2968311,8
836,8
3243853,8
16472035,8
19577710,8
6878600,8
806045,8
5749675,8
5341057,8
7111610,8
5736971,8
5711559,8
1101821,8
5930716,8
4204460,8
6887818,8
5523750,8
1106398,8
5896211,8
16196925,8
3157015,8
9638528,8
5789606,8
902491,8
3606819,8
3159504,8
6099983,8
7109952,8
6506157,8
803711,8
820765,8
654283,8
5758850,8
627326,8
15910,8
573876,8
2986656,8
3243206,8
2891549,8
648237,8
1266457,8
1807333,8
2998640,8
9550998,8
878218,8
219762,8
3652194,8
1104762,8
819343,8
1068432,8
4210951,8
1383553,8
369539,8
2160985,8
16194768,8
1985450,8
9680913,8
2571309,8
1227876,8
1352154,8
6461311,8
5344828,8
664134,8
736679,8
5282360,8
2460667,8
738234,8
5996276,8
666419,8
727631,8
1832572,8
11957199,8
15944898,8
15571694,8
9499902,8
16066501,8
3238625,8
2298933,8
2094474,8
2473040,8
992522,8
2733526,8
5310801,8
7110073,8
1454908,8
49786174,8
9619565,8
11958441,8
1341238,8
5731153,8
2361995,8
83511,8
9634219,8
790824,8
2964735,8
3239070,8
2142259,8
5296048,8
748227,8
1736218,8
829334,8
649149,8
3865136,8
1486264,8
2246170,8
5385177,8
1314815,8
5329255,8
901348,8
260644,8
5796142,8
6859360,8
6529585,8
7326949,8
2920814,8
761227,8
665696,8
2571427,8
16237945,8
54708265,8
44602325,8
2999375,8
5337430,8
648581,8
11325914,8
2932546,8
2211533,8
5431715,8
4051302,8
701063,8
3537138,8
5768671,8
5893661,8
44623838,8
1318054,8
4888547,8
5455628,8
3742880,8
2941638,8
790478,8
2820855,8
1471100,8
24792586,8
659547,8
2251180,8
16196035,8
6236509,8
7105529,8
2957326,8
6857793,8
16745397,8
9584946,8
2871994,8
5335941,8
974772,8
6236941,8
621551,8
9596936,8
651655,8
2199895,8
977351,8
3466563,8
776372,8
659514,8
2376086,8
12005562,8
815515,8
1217918,8
3315017,8
5738419,8
666890,8
5472164,8
5328775,8
5286915,8
6510653,8
2358851,8
3243282,8
661186,8
885806,8
16008920,8
16239337,8
359323,8
1511207,8
2545431,8
5945310,8
4588426,8
9642965,8
5771480,8
5389906,8
5577585,8
2210959,8
645986,8
653892,8
3244425,8
2998122,8
16236314,8
188677,8
2167819,8
1840200,8
947873,8
483894,8
289,8
5767374,8
667069,8
24791028,8
3735979,8
3239827,8
6872917,8
16196225,8
658729,7
665294,7
1474463,7
5307202,7
5328552,7
898979,7
2583718,7
667358,7
870214,7
3797,7
733831,7
3234327,7
1861546,7
5739533,7
22510376,7
3242425,7
25002923,7
6860246,7
2253319,7
2951757,7
1072948,7
1485939,7
6237665,7
6004217,7
1392072,7
773463,7
16194201,7
655127,7
693468,7
5335835,7
16682476,7
2957287,7
2385998,7
2352626,7
11957155,7
2342135,7
673517,7
645992,7
16001900,7
126941,7
22416251,7
1432762,7
2769229,7
6884367,7
2819678,7
2620848,7
4254655,7
3251511,7
3159995,7
978115,7
3123302,7
655504,7
1189431,7
785027,7
2882626,7
2966258,7
664728,7
6901613,7
3245813,7
5720740,7
9569157,7
5384380,7
16746086,7
792487,7
6153522,7
646863,7
4129908,7
5046151,7
5933539,7
9550885,7
12004700,7
489941,7
2294485,7
2123516,7
16745823,7
2994355,7
1999161,7
6225303,7
2737848,7
69671,7
5308035,7
398788,7
654636,7
2082388,7
958680,7
1345525,7
4637398,7
5331696,7
4536355,7
1985027,7
628678,7
950649,7
3912197,7
5304336,7
7189638,7
2462773,7
16462286,7
4668547,7
2125435,7
2256034,7
1809912,7
20920428,7
5465946,7
3117657,7
6618900,7
6110404,7
3089037,7
1348398,7
1790538,7
4961646,7
4656856,7
2321431,7
5326739,7
664624,7
5349217,7
3128422,7
5765352,7
5389219,7
1824291,7
4122,7
9580672,7
661611,7
2097915,7
5067281,7
6858398,7
659383,7
4280122,7
44601948,7
606795,7
659494,7
3744897,7
749340,7
20939726,7
2187941,7
665964,7
11948728,7
5404589,7
5702238,7
5308787,7
470952,7
5343193,7
2360837,7
2723842,7
5613214,7
6048888,7
3475954,7
9566945,7
803124,7
6364772,7
1288833,7
3236301,7
6297108,7
1613471,7
2811624,7
16682541,7
2421787,7
5310854,7
9593068,7
648385,7
5455343,7
9638857,7
9559884,7
1909653,7
5337349,7
3152412,7
665892,7
6536725,7
6510913,7
5101824,7
383280,7
666682,7
7693891,7
6874749,7
5718132,7
1778303,7
50904149,7
22517639,7
2528563,7
3768880,7
16194466,7
646081,7
3091494,7
765284,7
457193,7
5411262,7
22416272,7
2891886,7
120774,7
9606483,7
1320816,7
9549638,7
12004624,7
6603770,7
2165163,7
2542040,7
2312882,7
596156,7
746207,7
658451,7
1884906,7
3168637,7
300571,7
2889688,7
6603016,7
20953588,7
44202258,7
1803030,7
1482061,7
16189640,7
780272,7
2427018,7
1317768,7
20940440,7
4014739,7
9551193,7
3156357,7
1880983,7
23723104,7
2158928,7
6603593,7
647427,7
1150809,7
5855603,7
5309912,7
5051223,7
11836391,7
9556767,7
6511153,7
1847342,7
2867228,7
675202,7
2131824,7
2365417,7
54685917,7
6306680,7
6893523,7
44593869,7
16411093,7
2325417,7
1447997,7
5356282,7
6185683,7
44144346,7
6510866,7
805756,7
866984,7
1603379,7
1920377,7
648601,7
2428525,7
666736,7
1236521,7
2475491,7
1894824,7
2174846,7
5433560,7
2307979,7
312590,7
2813100,7
1896987,7
2102506,7
16746348,7
5730138,7
5292877,7
1576690,7
1470825,7
1474462,7
378196,7
2234685,7
2359990,7
314836,7
24793944,7
667639,7
24746830,7
16745864,7
3650003,7
2246060,7
12006279,7
2452089,7
4326795,7
1482500,7
658140,7
4193163,7
3132650,7
5753363,7
8219193,7
715719,7
658402,7
5350489,7
77865,7
816255,7
5760727,7
5735793,7
9563799,7
3363185,7
5910965,7
5413643,7
5762894,7
949131,7
5767238,7
2768241,7
6023871,7
666005,7
1729026,7
937638,7
645969,7
3233747,7
3340390,7
882270,7
9613394,7
9566732,7
736314,7
20889609,7
6872649,7
2732832,7
24793586,7
5766444,7
5191672,7
2113113,7
5207778,7
5703458,7
664816,7
3383129,7
3091267,7
952259,7
2407341,7
9600192,7
1487343,7
6603229,7
5317419,7
5750335,7
2306089,7
9591202,7
11957514,7
6899633,7
1309747,7
5113181,7
738864,7
3236461,7
3238269,7
963027,7
9550983,7
81131,7
645670,7
2559145,7
2363793,7
830644,7
2810970,7
1233035,7
9685240,7
5291138,7
2376084,7
5771337,7
5707818,7
314728,7
239577,7
377971,7
7292667,7
16681733,7
3159585,7
12004702,7
1911669,7
2558548,7
5290862,7
2806956,7
23724268,7
5930611,7
2323131,7
2066641,7
4799115,7
990039,7
6852374,7
2355490,7
2132539,7
877490,7
2952534,7
9551685,7
2191297,7
716459,7
616745,7
5896614,7
895560,7
661231,7
24891814,7
1212523,7
6537813,7
664440,7
2507423,7
4883629,7
5857541,7
3338947,7
1881906,7
9625938,7
3395242,7
2737856,7
5410433,7
6603986,7
2053505,7
665278,7
5281813,7
1394573,7
875821,7
5309110,7
698892,7
4898241,7
6603407,7
379416,7
5389129,7
763549,7
12006186,7
5756839,7
1888321,7
2313555,7
1922630,7
16192954,7
936997,7
2609971,7
5332521,7
3129754,7
930395,7
901998,7
6876748,7
4898779,7
4529187,7
1477185,7
4136409,7
647091,7
644537,7
2859636,7
651177,7
4893252,7
2378176,7
653295,7
16193231,7
2939312,7
8030245,7
16190915,7
3525489,7
2946413,7
5411582,7
987585,7
3097921,7
1981693,7
9635038,7
16017593,7
9566045,7
4250067,7
9582740,7
4876205,7
2813695,7
74495,7
12005662,7
2931012,7
24789433,7
1075678,7
3618231,7
16447002,7
1831159,7
2649844,7
693357,7
24747433,7
2802297,7
1506472,7
3342467,7
1226311,7
2810065,7
1130973,7
24892704,7
2187432,7
9551287,7
750885,7
9638453,7
5389726,7
970870,7
378581,7
4664956,7
9609295,7
3041892,7
1845598,7
4391932,7
2037119,7
5352002,7
5755180,7
2155653,7
1040545,7
2140519,7
2870135,7
19675085,7
5389044,7
1034495,7
714273,7
16195481,7
5344351,7
646940,7
2514971,7
3235730,7
2436417,7
658383,7
1911668,7
16241645,7
5527691,7
3516975,7
10467247,7
580795,7
3106448,7
2873568,7
1380882,7
2898314,7
6065647,7
5939927,7
2158895,7
6894324,7
3106402,7
176157,7
23667300,7
2677212,7
824820,7
5578857,7
911973,7
6377882,7
654842,7
649434,7
781700,7
629349,7
828003,7
2952037,7
5403833,7
5767382,7
1131428,7
5670369,7
654122,7
1179668,7
1892976,7
675326,7
2836994,7
5409731,7
15944907,7
1246519,7
7312407,7
1796584,7
2083940,7
5310766,7
16682610,7
164676,7
77955,7
20959045,7
16278978,7
3160897,7
5291685,7
9615535,7
801435,7
2974648,7
9662480,7
3951034,7
3832753,7
3701150,7
1911770,7
459078,7
705426,7
2320418,7
3242134,7
611015,7
974066,7
5310710,7
2630328,7
3241034,7
1367387,7
1472403,7
2084419,7
1548053,7
15945473,7
1506381,7
6886749,7
1046666,7
6604029,7
44593870,7
5451737,7
24747642,7
4976675,7
6093160,7
990802,7
805879,7
5636759,7
9569066,7
1256402,7
54690397,7
9633140,7
3938248,7
5405422,7
851623,7
881682,7
2434862,7
24982932,7
3235952,7
5718412,7
6161917,7
644396,7
658797,7
2315524,7
6383479,7
1475729,7
2353606,7
3406013,7
6874905,7
1261917,7
2428993,7
1933110,7
657803,7
2566824,7
5875181,7
1206157,7
2732118,7
5957579,7
3094859,7
5867472,7
54676429,7
665287,7
25162997,7
12006125,7
696375,7
1861043,7
2252810,7
3780874,7
6027465,7
2321009,7
6603188,7
663661,7
9610413,7
44201684,7
706562,7
692203,7
1953490,7
719449,7
2927108,7
811319,7
1397279,7
3244010,7
684290,7
16196491,7
764129,7
5719134,7
82498,7
5739648,7
1473623,7
2320670,7
775586,7
16025017,7
979677,7
1139085,7
1352303,7
6602656,7
2434526,7
651724,7
1344872,7
256654,7
734580,7
24792631,7
3377168,7
2999816,7
16745613,7
5331347,7
2875329,7
11054313,7
386817,7
5453526,7
54713171,7
6301019,7
3133624,7
6891452,7
2843656,7
11958767,7
6894320,7
73484,7
717270,7
4894947,7
16194784,7
2815170,7
1017169,7
2192323,7
9633427,7
1490762,7
4351721,7
1811924,7
3352440,7
286532,7
5739594,7
16757909,7
2733484,7
1933036,7
5914907,7
9641270,7
6875023,7
2244013,7
3508287,7
5350905,7
7593581,7
3346465,7
5439275,7
16243679,7
659605,7
5333000,7
387806,7
663378,7
2904872,7
15945336,7
5375781,7
2209781,7
676035,7
2572574,7
3236554,7
5280951,7
9581694,7
16682696,7
6409765,7
2210693,7
920148,7
16196931,7
5400801,7
3102100,7
6904145,7
3742367,7
1527239,7
3129253,7
6403897,7
5708117,7
16195652,7
1624667,7
660120,7
663733,7
3093171,7
16746610,7
3788782,7
646901,7
2100093,7
11958735,7
7117359,7
5734448,7
2281861,7
1935947,7
2725934,7
20864866,7
6438503,7
5498930,7
24891774,7
4130,7
1045434,7
889704,7
657961,7
5260641,7
2172285,7
5317826,7
2920318,7
5115067,7
1557339,7
773976,7
5290475,7
9653493,7
5739531,7
5729990,7
2999110,7
896982,7
24892699,7
2987517,7
843170,7
68589,7
16194080,7
877643,7
16746502,7
6602826,7
1725045,7
7586675,7
1488788,7
3819554,7
9675585,7
4106509,7
555237,7
15945571,7
2965319,7
24856233,7
5389130,7
27750709,7
5771437,7
6096216,7
2324877,7
1475325,7
659293,7
1909010,7
1203,7
6603129,7
9595641,7
7761661,7
819946,7
2998390,7
6145260,7
4573919,7
665077,7
547,7
24978599,7
5718810,7
5911545,7
3000038,7
4886931,7
653646,7
5524030,7
12005218,7
5309545,7
657262,7
653562,7
1115184,7
3834960,7
6899631,7
1452339,7
5792341,7
16187059,7
3245551,7
6891660,7
310860,7
1245434,7
663406,7
2941074,7
5403890,7
24891762,7
2124800,7
99926,7
2816295,7
1790658,7
2406187,7
24892608,7
5935482,7
661736,7
1633229,7
44623837,7
5494644,7
3243735,7
9587509,7
9564909,7
9607775,7
16191692,7
2368724,7
2038551,7
2412274,7
2950564,7
776188,7
16192872,7
3491105,7
5737668,7
6018532,7
19495,7
5568908,7
666034,7
2205070,7
9560045,7
1442685,7
653114,7
6072187,7
5351093,7
2909142,7
24789560,7
1505224,7
15996038,7
2257755,7
5333417,7
2873740,7
718626,7
53481919,7
44601952,7
2146435,7
5413110,7
663620,7
1582613,7
2303119,7
874700,7
850362,7
9550681,7
15944735,7
3767936,7
893592,7
15944754,7
1130140,7
1242402,7
5794211,7
3117690,7
3188539,7
5338258,7
24791863,7
253501,7
1724256,7
5122547,7
4378441,7
5476555,7
13892285,7
3962444,7
2804888,7
944995,7
850408,7
6403411,7
666939,7
24687383,7
879444,7
714543,7
664237,7
2732531,7
3000005,7
24789720,7
46742359,7
44623834,7
4582778,7
5750547,7
4098803,7
778908,7
1932347,7
5786338,7
1287415,7
814542,7
6177155,7
5400422,7
5307417,7
6896701,7
16189365,7
2426360,7
2997803,7
3234587,7
990823,7
6248815,7
3239781,7
5344140,7
909725,7
13186954,7
15944870,7
2001062,7
1861700,7
4567382,7
969075,7
2158957,7
1717220,7
56642969,7
897255,7
5815752,7
3265869,7
1712666,7
5904485,7
5349697,7
6026059,7
2843089,7
16240451,7
765689,7
1245715,7
2952346,7
664196,7
16019313,7
1147047,7
3244925,7
2179291,7
16412201,7
1471857,7
24671700,7
5396547,7
16758013,7
2928005,7
9586952,7
2906489,7
6383755,7
1314274,7
2492971,7
6381056,7
4640052,7
833381,7
304835,7
859858,7
369507,7
16460826,7
44246516,7
16193772,7
4112523,7
3106473,7
6146295,7
45115629,7
379403,7
1028404,7
16066639,7
790303,7
2999193,7
958894,7
1518343,7
6035880,7
5307736,7
4311692,7
5742497,7
751866,7
1474911,7
7121015,7
1540853,7
11958615,7
746288,7
1632447,7
12004531,7
6471065,7
2003300,7
3243905,7
5340071,7
2815186,7
5381125,7
24978563,7
5052536,7
5711093,7
1260036,7
9591422,7
896750,7
6263696,7
5949936,7
21152150,7
1261721,7
4315883,7
7110010,7
3240298,7
1819618,7
2947294,7
16189674,7
3245904,7
1244464,7
651585,7
650699,7
2898787,7
5419018,7
9648162,7
6506668,7
2484938,7
711829,7
2338757,7
2187750,7
4887504,7
2957807,7
3111211,7
6883654,7
1548086,7
6876837,7
3403289,7
1839490,7
2081076,7
5036900,7
665240,7
265898,7
5351101,7
6604176,7
3767052,7
5345538,7
207054,7
705702,7
9595043,7
2917512,7
3903461,7
5307214,7
5389021,7
3316998,7
5331396,7
2810122,7
9566216,7
3816821,7
5453593,7
725903,7
852288,7
16452494,7
2939274,7
39508,7
6603614,7
3647645,7
3241134,7
1484169,7
16189333,7
5308998,7
2201062,7
6019408,7
3245800,7
5310930,7
5418858,7
1798295,7
711446,7
2921604,7
2945337,7
2242565,7
9550933,7
24761431,7
15945382,7
5691857,7
6875011,7
6842,7
2999311,7
5337459,7
2948490,7
6021901,7
568367,7
3239269,7
5964294,7
5410367,7
24871369,7
1090312,7
16196848,7
44602374,7
5389615,7
1380898,7
16002336,7
2049442,7
5407397,7
3632372,7
2583506,7
5344820,7
54688357,7
16453495,7
939827,7
3240009,7
25162995,7
3695828,7
5342258,7
2286610,7
889599,7
16682412,7
4204519,7
779063,7
5801934,7
3147219,7
3146673,7
5228448,7
6981965,7
3557499,7
6300106,7
5344992,7
681202,7
2294766,7
6603206,7
3962490,7
1349072,7
6603510,7
3177894,7
671205,7
6886503,7
4554620,7
5714545,7
18774285,7
16681782,7
5707375,7
1827281,7
73093,7
1975791,7
16191060,7
946987,7
644388,7
5367161,7
785863,7
833986,7
54684576,7
356768,7
2184268,7
9587237,7
751394,7
6537062,7
2085064,7
2231873,7
6076195,7
44483164,7
1309516,7
673545,7
6505842,7
665110,7
6484377,7
1849004,7
16196534,7
746147,7
3741560,7
655278,7
5338837,7
9776889,7
2179534,7
5393409,7
667117,7
2081875,7
741378,7
2998381,7
5409850,7
691373,7
2317221,7
6875402,7
3249350,7
2932806,7
15944881,7
20834982,7
5737176,7
1806255,7
24762041,7
2903904,7
3146565,7
3375760,7
5524647,7
651422,7
692041,7
3962922,7
649180,7
24981266,7
3192994,7
727028,7
801325,7
666938,7
3000729,7
2763791,7
2997545,7
5731761,7
1807346,7
1807334,7
6270287,7
6603194,7
44246639,7
660762,7
5335881,7
5720078,7
44142346,7
16412947,7
2507482,7
15944672,7
2114156,7
2770072,7
5693111,7
6007691,7
1308940,7
660800,7
2243275,7
9668555,7
4438134,7
3179255,7
3767519,7
5308704,7
1015805,7
5824801,7
3239681,7
666522,7
20959120,7
5310690,7
16189702,7
648964,7
5389756,7
1947235,7
328144,7
6904296,7
6604382,7
945564,7
945988,7
4713,7
5516710,7
5967872,7
392789,7
2843251,7
1485433,7
873059,7
5395801,7
3245694,7
4614366,7
6893069,7
649757,7
805060,7
5767865,7
20917431,7
12005570,7
777351,7
1346496,7
1515366,7
5311281,7
1202405,7
3154698,7
2136935,7
4457834,7
2242601,7
16239425,7
2862216,7
1752641,7
2566659,7
5408177,7
107346,7
4961580,7
5422824,7
4572408,7
9642771,7
5295070,7
16481195,7
2240759,7
5709345,7
2152425,7
5015783,7
7110104,7
2746740,7
377886,7
2405976,7
1374557,7
53299545,7
54679599,7
941921,7
1214500,7
3237518,7
24891917,7
44202943,7
1596435,7
4896097,7
5308643,7
3137831,7
6869300,7
2379682,7
1072933,7
16237292,7
1904724,7
16745802,7
16196704,7
2603,7
6184028,7
2840784,7
658836,7
664386,7
885979,7
6873485,7
970535,7
2834427,7
12005273,7
3885,7
662817,7
660523,7
653674,7
4005140,7
7619,7
2176481,7
3000201,7
3662257,7
644485,7
8016699,7
1598265,7
5295055,7
28777,7
4880800,7
780821,7
7105772,7
659045,7
3000022,7
972882,7
658347,7
6101576,7
5765513,7
5923363,7
5342,7
698314,7
2911372,7
616479,7
3789162,7
1804911,7
5310809,7
5044744,7
16745685,7
12005914,7
2827561,7
16192254,7
1803281,7
6602742,7
2040656,7
1510378,7
3333046,7
3904314,7
1901314,7
1534928,7
830670,7
806173,7
2404972,7
682361,7
1844411,7
3136669,7
1712663,7
890597,7
11958755,7
81124,7
5389841,7
223753,7
24818244,7
1263277,7
652850,7
2233682,7
1305820,7
9653048,7
248466,7
4109100,7
16411694,7
697235,7
904749,7
11106,7
7183662,7
5446021,7
650965,7
5406656,7
661498,7
6874698,7
9587494,7
1480854,7
749682,7
2441441,7
5596757,7
44143978,7
833716,7
24746846,7
2363200,7
3548104,7
759425,7
5052359,7
2733867,7
16190149,7
1214279,7
20969756,7
1256424,7
9550892,7
3730081,7
7304501,7
712803,7
5771425,7
663856,7
5281792,7
5727759,7
16022921,7
3459088,7
749132,7
2998487,7
2091896,7
16196096,7
1872395,7
930617,7
4414550,7
655322,7
7564,7
11958455,7
869136,7
5389693,7
739027,7
2874832,7
5731960,7
4038769,7
5307703,7
1017369,7
5057113,7
4568308,7
3820260,7
666375,7
12005538,7
746381,7
4832919,7
890639,7
6227929,7
2960245,7
3136298,7
16017558,7
854979,7
1909604,7
9114427,7
3739152,7
1968392,7
666881,7
2933339,7
6897752,7
1626080,7
5599490,7
3217311,7
5831714,7
1288978,7
5712177,7
5719243,7
5419411,7
5771861,7
7110084,7
4322088,7
2306849,7
903329,7
4144800,7
1016791,7
843457,7
5764239,7
1782242,7
49766520,7
975463,7
2926438,7
630233,7
2379245,7
709558,7
648098,7
6301191,7
3154276,7
5774988,7
2943604,7
1405179,7
5802924,7
1157634,7
645578,7
2099434,7
662973,7
753172,7
929911,7
661788,7
2254616,7
3090962,7
5824727,7
1416668,7
6876912,7
1227531,7
653731,7
1768080,7
95699,7
381594,7
4358566,7
2374619,7
5310495,7
58953,7
803159,7
3309546,7
1608674,7
1780,7
9556270,7
6141196,7
664814,7
2531056,7
1257512,7
902659,7
319089,7
2975701,7
755243,7
904031,7
2828021,7
1243317,7
2816764,7
633185,7
9590926,7
6387158,7
3243985,7
3240944,7
715055,7
2815223,7
1484351,7
2959784,7
2442939,7
2158355,7
5891295,7
1150969,7
5713607,7
5142655,7
50910523,7
2337866,7
5710833,7
726461,7
662039,7
5816,7
1933179,7
2895249,7
9593459,7
7096060,7
992589,7
2159357,7
709391,7
9550077,7
1519056,7
5293996,7
3474248,7
1818773,7
5514357,7
12005351,7
9590638,7
5349700,7
9550886,7
2621130,7
2412507,7
1159993,7
1556072,7
773605,7
4871598,7
877334,7
1103612,7
25162924,7
1934103,7
1261655,7
2812,7
1819216,7
990305,7
2238406,7
1471101,7
6952226,7
4073064,7
5544029,7
5389318,7
6897243,7
3238591,7
657993,7
7202804,7
25237267,7
9568682,7
1568281,7
6227326,7
459117,7
42601104,7
845429,7
5284840,7
5342606,7
1537038,7
657154,7
5310636,7
651958,7
4859236,7
6905980,7
1922813,7
1778828,7
2823630,7
653757,7
2805678,7
2126566,7
1048331,7
2726660,7
852418,7
2934899,7
24766480,7
6096578,7
6874518,7
655063,7
4889053,7
727721,7
880390,7
3621326,7
658000,7
2852203,7
2954695,7
2476977,7
1521281,7
24983099,7
790317,7
3792553,7
725661,7
3242499,7
6166749,7
176158,7
2007903,7
2892419,7
576989,7
662661,7
5389400,7
2150804,7
5732023,7
6335338,7
2196922,7
12004627,7
54678811,7
4247321,7
1887411,7
2877526,7
2898209,7
3000037,7
4054771,7
658252,7
9601081,7
2339452,7
16682486,7
829194,7
2065714,7
6289851,7
1811255,7
3109741,7
1901217,7
44143841,7
1863779,7
4601351,7
884653,7
3392731,7
2286888,7
44623833,7
677487,7
722392,7
806449,7
1099239,7
4093560,7
776890,7
2802298,7
973100,7
5852660,7
69765,7
4255826,7
2134165,7
9612752,7
6179462,7
5309267,7
665578,7
2558390,7
1290899,7
95168,7
5680834,7
16195963,7
661662,7
586278,7
5308895,7
9679769,7
5762930,7
9661641,7
665142,7
749059,7
842689,7
2440506,7
657794,7
2369751,7
9586923,7
3093192,7
2214694,7
5349753,7
759407,7
5338374,7
6510959,7
6310253,7
6508309,7
16362,7
719408,7
16014472,7
5689963,7
2415029,7
1239154,7
2826864,7
6348160,7
56642957,7
24817125,7
2873851,7
1725587,7
3120237,7
15272053,7
9710903,7
45105765,7
9625660,7
16758193,7
3734343,7
2338868,7
9616584,7
1556070,7
6083010,7
2869413,7
10238982,7
660965,7
5878229,7
15945158,7
1952961,7
5771728,7
9688076,7
1292336,7
6602861,7
2501092,7
2061,7
1713453,7
5309709,7
848533,6
4261850,6
1540951,6
14009215,6
3318032,6
9649520,6
6184290,6
2402618,6
1471639,6
5956650,6
2353203,6
276137,6
6411582,6
5345365,6
705847,6
3291456,6
16746616,6
867712,6
5546370,6
1225717,6
3242976,6
5721129,6
585964,6
3160872,6
747239,6
16745807,6
2945025,6
6247103,6
4483669,6
1927545,6
2413699,6
3240540,6
3236482,6
54681790,6
5730539,6
646114,6
16196968,6
851301,6
6602755,6
650393,6
647302,6
16189701,6
837551,6
2839312,6
9667355,6
3612347,6
153617,6
16239846,6
1043227,6
3820030,6
24816492,6
2399041,6
8195301,6
44144286,6
4302841,6
5758845,6
5346416,6
2936384,6
658017,6
2451170,6
650693,6
12005977,6
5389466,6
11957143,6
5750053,6
5774630,6
2446031,6
2108613,6
5349489,6
853873,6
664996,6
1081542,6
1109408,6
2572325,6
6036397,6
1292700,6
881509,6
2828715,6
2953983,6
2189877,6
1022424,6
691744,6
3117693,6
5281600,6
1882124,6
780682,6
4969038,6
364824,6
3243223,6
2243196,6
9550298,6
4917,6
5413620,6
132163,6
6904937,6
947809,6
1233277,6
371271,6
566661,6
3833793,6
691990,6
9585600,6
15995490,6
713129,6
655450,6
2441420,6
2957625,6
2400427,6
1981065,6
3238969,6
2229506,6
891056,6
3241232,6
993327,6
44438309,6
2455004,6
2960893,6
3213399,6
5435973,6
3240668,6
5190275,6
6866216,6
1248638,6
5400105,6
2095964,6
174223,6
2172514,6
4893183,6
646403,6
255516,6
893344,6
1383741,6
3779889,6
1477569,6
659401,6
5770358,6
2324063,6
1450163,6
3126077,6
2464187,6
2936736,6
1245872,6
662336,6
1475502,6
44259,6
821304,6
2125826,6
796599,6
3240581,6
6858752,6
3458391,6
54678158,6
12004580,6
1842435,6
65237,6
2434339,6
2207723,6
774866,6
901745,6
5051642,6
6899636,6
2211323,6
644662,6
971277,6
4420163,6
2953732,6
24892529,6
665415,6
5436347,6
9614899,6
5455094,6
6055867,6
1272770,6
2921187,6
2126024,6
5866580,6
1308620,6
617439,6
9549549,6
5341144,6
5739885,6
9550420,6
2998809,6
563972,6
660379,6
2170628,6
2365825,6
946666,6
2126292,6
9550046,6
5018704,6
2944453,6
16681981,6
1006357,6
2026614,6
2744120,6
2093609,6
24819130,6
665797,6
5415903,6
656025,6
1121183,6
644480,6
664458,6
1245270,6
1791961,6
3618007,6
777812,6
5389724,6
5146197,6
663945,6
1404043,6
667046,6
5039004,6
5338867,6
3536067,6
5758952,6
3190117,6
5400997,6
659463,6
3239800,6
11841861,6
2087211,6
2014552,6
1388811,6
846186,6
1040002,6
817344,6
3553766,6
4962004,6
4460950,6
1044250,6
6110648,6
24793159,6
24891764,6
9551139,6
644442,6
646211,6
16193680,6
2158858,6
662880,6
1922517,6
2900569,6
5340559,6
11786594,6
3232217,6
2850397,6
9593926,6
3717380,6
2832013,6
2931787,6
11949157,6
5761206,6
662161,6
5459426,6
4238635,6
852961,6
5728220,6
2888532,6
7741908,6
1507932,6
5440098,6
4556111,6
2799589,6
16745808,6
2727139,6
441325,6
2992722,6
6603621,6
9676936,6
1326526,6
2733001,6
618372,6
16241285,6
666592,6
3189908,6
1034218,6
1933177,6
6870078,6
886487,6
2215035,6
44143946,6
658778,6
496348,6
410099,6
607082,6
2998911,6
2961854,6
44602375,6
3343195,6
11957524,6
6033930,6
556143,6
736267,6
867088,6
2276396,6
2463081,6
3036596,6
2343840,6
2807340,6
4316178,6
1473355,6
6871632,6
2921716,6
6237161,6
2731699,6
2212546,6
2784726,6
900059,6
5440387,6
663880,6
1730612,6
1653621,6
3091265,6
265867,6
2409129,6
24817183,6
4838791,6
2078313,6
3151316,6
736140,6
1224769,6
9679510,6
2185976,6
1479279,6
68249,6
3241468,6
2241132,6
3697347,6
658858,6
4134237,6
774021,6
4122157,6
2854401,6
649789,6
4538344,6
2310015,6
54675779,6
25163050,6
686099,6
9046,6
6270682,6
1069873,6
2517968,6
648716,6
2998156,6
6529487,6
1485427,6
9663711,6
1738220,6
16031868,6
3236488,6
646981,6
1737171,6
844451,6
4602436,6
5416088,6
39164,6
6092126,6
1918330,6
2493207,6
5912804,6
16190638,6
2246180,6
6895875,6
2331284,6
5936678,6
3235892,6
5687326,6
2827046,6
6603018,6
2880439,6
898010,6
44142087,6
16189363,6
2741107,6
661032,6
3368053,6
24789562,6
956345,6
803549,6
7109977,6
2378425,6
658035,6
647549,6
1914471,6
3240032,6
3113080,6
2408834,6
1994324,6
2365274,6
16195624,6
15055241,6
2868467,6
17389370,6
5310392,6
2243175,6
1507951,6
5072070,6
17367346,6
776878,6
893490,6
2885743,6
4132205,6
917172,6
2384328,6
2212928,6
2938921,6
6903351,6
660118,6
18578135,6
1791929,6
9551902,6
2490141,6
6100247,6
24979370,6
406563,6
729563,6
3145437,6
6604742,6
53470309,6
781753,6
1562623,6
2214934,6
278068,6
982947,6
1091686,6
645437,6
9603877,6
15945340,6
3723524,6
6069552,6
12005230,6
2370325,6
5048787,6
5307989,6
1353136,6
2334609,6
3722217,6
5423268,6
5773550,6
263534,6
8438809,6
2211281,6
6903194,6
68553,6
16746151,6
9613320,6
2278591,6
658322,6
6902907,6
2951115,6
3815079,6
1789702,6
5370019,6
3339005,6
1182681,6
6530569,6
12005720,6
659191,6
46742365,6
46742372,6
651369,6
2084716,6
3243514,6
16196049,6
1470715,6
3235768,6
2238995,6
831892,6
6228509,6
1907063,6
2477145,6
3272650,6
5681750,6
3099740,6
24761323,6
16717704,6
2369606,6
914315,6
5433119,6
693414,6
2310918,6
2950288,6
839760,6
4422588,6
1324553,6
848469,6
24792442,6
1086274,6
7217778,6
3138386,6
1833009,6
9551845,6
2411698,6
2745583,6
3802772,6
5770889,6
1093736,6
2543250,6
237490,6
2231436,6
7190519,6
2990360,6
759327,6
6902068,6
9566955,6
9567053,6
3264891,6
2744175,6
1790620,6
1946667,6
480861,6
2354963,6
5719371,6
24746791,6
9580826,6
839498,6
24747132,6
2345169,6
2952312,6
3155707,6
4457839,6
931186,6
9591396,6
1103357,6
360404,6
709591,6
3000182,6
2966860,6
5338367,6
973503,6
826857,6
1220736,6
5889235,6
3152579,6
4128964,6
11958619,6
1540501,6
7086337,6
277385,6
971434,6
4361367,6
3236834,6
6456344,6
359247,6
44144307,6
667128,6
845032,6
5679437,6
3223669,6
4871,6
1316617,6
6047409,6
5353656,6
1833008,6
4831653,6
3237981,6
892164,6
6604703,6
833124,6
681,6
6301,6
1839212,6
973199,6
655441,6
24820069,6
3811244,6
5733023,6
834331,6
4639178,6
16759689,6
1864167,6
901910,6
3967840,6
1150834,6
5347338,6
1792243,6
657975,6
934743,6
1910761,6
5308205,6
1045636,6
1330278,6
1371049,6
2072948,6
4268779,6
7105626,6
648894,6
224481,6
81734,6
658608,6
2861907,6
50904144,6
6619798,6
711946,6
776924,6
6261005,6
897223,6
2432214,6
16194450,6
12005930,6
646454,6
11219195,6
2958864,6
5722720,6
23666110,6
24978567,6
1266017,6
2869474,6
5611937,6
2307267,6
2360902,6
661675,6
3244907,6
2526884,6
4094373,6
6297486,6
6875012,6
670282,6
24792181,6
879239,6
6533414,6
666723,6
2916883,6
4532204,6
346046,6
652872,6
661110,6
2010274,6
4599426,6
5309420,6
1393517,6
6165705,6
718013,6
2866159,6
9613210,6
3106505,6
5907341,6
3239818,6
12005697,6
16043,6
9556718,6
2358649,6
5821124,6
2703,6
324450,6
24818587,6
3166945,6
706172,6
3519901,6
974630,6
2087454,6
6863594,6
726569,6
2771392,6
5662106,6
5994507,6
4605161,6
291365,6
5453283,6
2955968,6
6526972,6
936475,6
3529029,6
24979714,6
3697676,6
851527,6
1114156,6
5308744,6
5405848,6
2204910,6
1632895,6
3793,6
44601847,6
3153314,6
1224411,6
16194822,6
2865236,6
664021,6
914644,6
969798,6
11095,6
2969203,6
2843279,6
2943813,6
16194517,6
5340317,6
781034,6
3108630,6
3242775,6
9573720,6
16681820,6
2080542,6
6537660,6
16196178,6
2015650,6
4858009,6
1883658,6
5436058,6
1263280,6
5741002,6
5291132,6
1945566,6
4970681,6
702854,6
12004529,6
1212121,6
2158923,6
773677,6
3245142,6
648100,6
44201402,6
7539130,6
471826,6
56603530,6
2525677,6
3322577,6
5339422,6
5899948,6
3247229,6
6872217,6
647114,6
317081,6
16194798,6
5737667,6
5992776,6
9565028,6
6407173,6
5738116,6
15055242,6
664030,6
1819919,6
1963859,6
806165,6
53299506,6
2712666,6
3244913,6
5425141,6
1332395,6
3241252,6
2468834,6
4912264,6
471639,6
5771440,6
4414626,6
938368,6
5339594,6
3238807,6
2055896,6
774024,6
5522479,6
712290,6
6974996,6
663750,6
9564917,6
6874962,6
5997538,6
1711910,6
2150837,6
886118,6
9549445,6
8606577,6
24761361,6
6889520,6
833346,6
9774488,6
3396,6
5978496,6
999019,6
11948917,6
11958617,6
5407779,6
2890949,6
1976446,6
11958817,6
752424,6
1595371,6
4195720,6
719666,6
2226541,6
1332670,6
2999990,6
655883,6
6157225,6
2023917,6
5404015,6
6772,6
973870,6
653064,6
24792638,6
24891816,6
5331461,6
24818803,6
3496607,6
921904,6
776866,6
9624494,6
2092254,6
24792835,6
24792090,6
1233149,6
3294285,6
8029980,6
15945300,6
767260,6
6863578,6
1476702,6
2904443,6
2999016,6
2078968,6
4547230,6
2868411,6
9066,6
781196,6
1450522,6
44142071,6
5878720,6
1961333,6
2620950,6
1527596,6
665848,6
5512658,6
16017551,6
4321852,6
2104218,6
801114,6
3032663,6
823601,6
1481748,6
16193005,6
930267,6
5280934,6
960831,6
14610,6
658341,6
1814301,6
3238382,6
16196884,6
2999350,6
649345,6
14562,6
4962027,6
663890,6
645458,6
9556723,6
3237462,6
3243986,6
7314670,6
1249075,6
4679632,6
2942058,6
5880147,6
4348097,6
9564843,6
98589,6
886291,6
848952,6
6074863,6
2964272,6
5485187,6
2785101,6
12004907,6
6293,6
645238,6
3245827,6
1956836,6
53470048,6
6884770,6
848905,6
1078736,6
1765052,6
20858914,6
5873067,6
4041868,6
866521,6
645530,6
5788341,6
5630624,6
16002732,6
665055,6
5951878,6
2086519,6
2862218,6
16188117,6
6507285,6
9606457,6
4369759,6
5993755,6
6393683,6
2908678,6
3756811,6
16195648,6
5308071,6
3154825,6
745954,6
659576,6
5307176,6
628602,6
4552526,6
54713170,6
609295,6
261413,6
12005893,6
4882,6
286363,6
2775829,6
5918347,6
2360654,6
3820550,6
5280681,6
5402826,6
1106410,6
9551351,6
6789504,6
2199890,6
750731,6
612806,6
1094879,6
6990211,6
2998720,6
883668,6
663159,6
6578542,6
5389525,6
846080,6
4403355,6
6402994,6
5409723,6
2842535,6
891754,6
1364012,6
789466,6
1960092,6
9659222,6
1473361,6
844575,6
44143212,6
6901569,6
1225462,6
3662076,6
1758310,6
16187194,6
3095577,6
3925868,6
23641168,6
1369283,6
4011297,6
343973,6
2947521,6
2159206,6
5280373,6
2956027,6
664129,6
721894,6
1475495,6
2472445,6
7121590,6
3245970,6
1150831,6
11958868,6
1337412,6
4280127,6
3089611,6
11957529,6
2448629,6
1963338,6
659311,6
659754,6
2431454,6
2191016,6
7130993,6
5433630,6
5742487,6
868688,6
5607430,6
2999202,6
5897172,6
5739939,6
44543525,6
7308510,6
2499208,6
5964246,6
3129671,6
1189521,6
16745544,6
1825764,6
706035,6
2103995,6
12004696,6
6050647,6
24794050,6
1026230,6
1187240,6
3889599,6
6019230,6
883764,6
665904,6
2197364,6
5390094,6
5892137,6
3422206,6
5771619,6
68539,6
2980758,6
5280647,6
16196008,6
16195384,6
665078,6
663438,6
4736989,6
1559791,6
2998585,6
1897839,6
660524,6
798238,6
877206,6
657346,6
1036854,6
1113642,6
9551584,6
2315873,6
831035,6
6871483,6
4689283,6
651603,6
12905786,6
3371158,6
396186,6
1084407,6
877545,6
800337,6
2920571,6
794172,6
3601285,6
1839851,6
6603225,6
848757,6
767427,6
46938536,6
5198,6
16813558,6
6114,6
9853645,6
24793663,6
15944885,6
5307685,6
977195,6
3642542,6
623812,6
56642923,6
716574,6
663616,6
5360191,6
825248,6
851028,6
1415822,6
2237305,6
9776887,6
6852403,6
6882265,6
4123229,6
1017506,6
3799497,6
3240425,6
665236,6
4693323,6
3148843,6
1870641,6
3586643,6
906403,6
990283,6
4260390,6
2118565,6
5708065,6
16247248,6
2976198,6
2999803,6
8271986,6
659347,6
24981741,6
660152,6
654998,6
973127,6
900431,6
5875180,6
2349018,6
802888,6
2562875,6
2810506,6
5530131,6
2878615,6
638311,6
363815,6
3089924,6
900425,6
1974654,6
1247300,6
736233,6
834537,6
667040,6
661834,6
1617287,6
711933,6
31475,6
5430390,6
16196046,6
7110055,6
2823673,6
658849,6
1511959,6
5183675,6
2881095,6
5310604,6
16447014,6
6070576,6
3732532,6
577334,6
3239225,6
4252228,6
5776416,6
16745800,6
2816375,6
1488444,6
914206,6
6603250,6
1563977,6
1228645,6
780604,6
9559886,6
5371072,6
6184269,6
16188703,6
6900956,6
5408882,6
664789,6
9617814,6
5340468,6
709605,6
2196534,6
650842,6
656038,6
16191094,6
847035,6
4571353,6
6147798,6
6602963,6
44246678,6
6249900,6
3590150,6
24792910,6
5399547,6
6324536,6
3243896,6
649963,6
347218,6
2928864,6
5048463,6
3335282,6
16193631,6
16746236,6
699043,6
1489664,6
2810066,6
16745822,6
53347989,6
2958851,6
1942142,6
6902054,6
2410811,6
1138489,6
7118245,6
9648727,6
6270033,6
817349,6
1450301,6
1092071,6
5314968,6
6866121,6
6603967,6
16758889,6
313134,6
646132,6
2884333,6
5731689,6
620971,6
1310757,6
2998436,6
5430,6
678056,6
832064,6
2866858,6
775589,6
991507,6
1588141,6
645818,6
3244650,6
671831,6
3448846,6
15945279,6
4451674,6
5332988,6
2383729,6
2953683,6
660829,6
24761750,6
5771435,6
11251522,6
705937,6
9639973,6
717599,6
6603585,6
5333106,6
659642,6
645034,6
664914,6
5394360,6
4460740,6
5338754,6
652142,6
1790651,6
12005438,6
2224292,6
780021,6
955780,6
3132897,6
1716445,6
24526448,6
2966212,6
880543,6
662192,6
2366620,6
1092437,6
1256983,6
4871174,6
3549885,6
864219,6
892026,6
1523649,6
16411717,6
659419,6
3157016,6
6886526,6
3237176,6
5771508,6
3241283,6
44142703,6
25161401,6
3504072,6
54691673,6
16193982,6
1386886,6
7105650,6
9638721,6
16195492,6
16196966,6
2129703,6
2843501,6
872450,6
2202529,6
1259390,6
730507,6
1224746,6
4999481,6
975565,6
942996,6
5286935,6
4963872,6
6172754,6
5389968,6
5762015,6
7349358,6
661750,6
1771090,6
1889301,6
9559476,6
1177253,6
2147354,6
16192202,6
4361486,6
4661200,6
3114950,6
658282,6
5742485,6
3424501,6
16188793,6
3225147,6
3748081,6
7314625,6
654316,6
1085710,6
666134,6
1048320,6
1880109,6
5618021,6
658314,6
9657406,6
665037,6
5295671,6
666042,6
2998938,6
2896448,6
1922403,6
1441103,6
2123444,6
9549745,6
9649675,6
668308,6
5307683,6
5309881,6
2344298,6
1790637,6
885183,6
4047051,6
6369589,6
2092276,6
11958841,6
603661,6
9549750,6
3241587,6
647262,6
649614,6
3240925,6
3860640,6
2951909,6
2583534,6
2803658,6
15945537,6
1427422,6
655498,6
2536924,6
4972751,6
656216,6
939236,6
2248756,6
2955782,6
3938139,6
6895079,6
6533450,6
6035979,6
698273,6
5731322,6
10156,6
24792035,6
2951532,6
5597667,6
5452340,6
1201959,6
1982104,6
656109,6
666560,6
5307892,6
4054926,6
1310185,6
1471842,6
1139549,6
660176,6
246666,6
6918774,6
4882611,6
42601075,6
2115985,6
2575265,6
6184127,6
2812809,6
24792666,6
5459517,6
12004490,6
6603741,6
4473031,6
2933368,6
54677778,6
2973848,6
9637161,6
9550636,6
878946,6
22650,6
3162313,6
3245743,6
2196100,6
2878726,6
1872309,6
6901353,6
5289501,6
6155760,6
1571545,6
15945322,6
659563,6
1864250,6
164739,6
5761597,6
3117447,6
7109967,6
6053390,6
2131557,6
660009,6
2241247,6
9566914,6
16014339,6
898906,6
6081585,6
5307300,6
5849846,6
5742570,6
20975213,6
1850590,6
5609894,6
1471937,6
661589,6
3507700,6
8478,6
1479270,6
658160,6
4000243,6
2810379,6
2329978,6
12004707,6
659095,6
1562745,6
5768667,6
1488502,6
3142819,6
6866659,6
2898713,6
6098210,6
5211059,6
4457062,6
2307365,6
6062426,6
5750556,6
1929802,6
65551,6
6346341,6
664633,6
5406463,6
16192289,6
3393977,6
5999709,6
5688173,6
44602378,6
4326878,6
9551837,6
2322046,6
49766549,6
1255527,6
182791,6
3824948,6
16196538,6
7110001,6
4393476,6
6339121,6
2877714,6
853203,6
1615882,6
12006253,6
5388001,6
338839,6
3776559,6
5513761,6
9642058,6
776157,6
24792635,6
5307344,6
16746298,6
888125,6
5310837,6
5765105,6
2911518,6
5388631,6
2255407,6
1115489,6
864,6
891297,6
9614636,6
653780,6
6235453,6
823965,6
16682116,6
867564,6
2834414,6
6091859,6
743404,6
5332809,6
6517668,6
5310494,6
16682477,6
2997849,6
1968169,6
16406758,6
6216333,6
24983197,6
808844,6
3245907,6
2214004,6
6367769,6
54687815,6
5616596,6
4967350,6
2849946,6
757693,6
1471687,6
678271,6
2893616,6
11852,6
2355260,6
657789,6
2322122,6
16803283,6
24892208,6
887036,6
3883,6
867085,6
2282924,6
5455254,6
3244883,6
812598,6
2830220,6
1975549,6
6508961,6
5718143,6
2860951,6
1475719,6
832991,6
838258,6
2552706,6
6068981,6
4088240,6
5408344,6
2118097,6
2843219,6
647821,6
892093,6
940965,6
9551195,6
22416236,6
5599895,6
54676522,6
1471105,6
5684150,6
3237505,6
1370249,6
9666302,6
11979278,6
2984448,6
5461522,6
2029536,6
2201779,6
388636,6
2237501,6
4796330,6
5282060,6
2027019,6
11837968,6
12004587,6
994955,6
899068,6
1382129,6
841625,6
4917903,6
9551108,6
5454774,6
6346588,6
7110067,6
6390219,6
16426648,6
3719172,6
919775,6
16187902,6
6005065,6
5730217,6
620319,6
16132496,6
9586485,6
4850082,6
666284,6
666711,6
6876206,6
2415900,6
2803945,6
963287,6
1343704,6
2955763,6
886930,6
645256,6
839786,6
56840704,6
3237190,6
6487442,6
689043,6
1873236,6
638759,6
689674,6
2211856,6
3243363,6
3858898,6
5309836,6
5389237,6
1009439,6
16188021,6
654307,6
11837006,6
3577877,6
1836529,6
1212115,6
878187,6
843060,6
7791367,6
735943,6
4317171,6
24761099,6
9594087,6
16757868,6
1904598,6
1265631,6
16196252,6
2947766,6
6031681,6
640180,6
5307358,6
5428548,6
818637,6
24789370,6
5197142,6
7108,6
6033337,6
660588,6
783359,6
6604905,6
749058,6
9593207,6
1477400,6
1113641,6
16746089,6
2215626,6
4886339,6
1954975,6
657368,6
16196978,6
9579598,6
9657022,6
1867183,6
2434777,6
2200341,6
3692696,6
3234576,6
4329797,6
5955569,6
11958834,6
3242966,6
2085621,6
5344786,6
4318021,6
772637,6
7086349,6
972135,6
2160609,6
16758008,6
5413208,6
2998880,6
6873695,6
658538,6
2350210,6
2906028,6
4310526,6
1936615,6
3127943,6
818567,6
3126197,6
5617556,6
3180939,6
697197,6
645174,6
2264379,6
2608648,6
588745,6
3239785,6
15793062,6
2953146,6
6287028,6
651208,6
5865017,6
3244537,6
1247663,6
3112173,6
665260,6
2103410,6
804738,6
985344,6
6031997,6
2098766,6
6297320,6
756861,6
827781,6
1224698,6
2261970,6
2158287,6
866008,6
1910833,6
977088,6
85844,6
4283428,6
1615380,6
16196885,6
1483213,6
867936,6
5808249,6
1281403,6
5770966,6
9583713,6
16192996,6
5346420,6
2893929,6
664905,6
650426,6
850682,6
346838,6
1164605,6
2237309,6
819687,6
732502,6
866577,6
5931651,6
3947745,6
6154132,6
2340492,6
660765,6
3477730,6
3244726,6
659309,6
805519,6
17599,6
23697355,6
2156586,6
667573,6
2464330,6
3237608,6
2891495,6
45105751,6
738951,6
3620389,6
4902571,6
5512033,6
12005315,6
5765499,6
2083948,6
1951180,6
3373363,6
1909109,6
3238071,6
1039936,6
1539603,6
2124433,6
6602611,6
5389271,6
54679621,6
3267803,6
1956111,6
5397853,6
2969750,6
5924567,6
4176759,6
9559885,6
5341734,6
2879069,6
889945,6
9568652,6
7314662,6
1328586,6
909722,6
24892532,6
2998267,6
3851518,6
4295083,6
9777612,6
9689721,6
691499,6
5336233,6
659294,6
3245395,6
11041961,6
2486780,6
1612523,6
9550251,6
3845234,6
4526263,6
1284790,6
2878824,6
24793994,6
3238387,6
6167,6
3228344,6
3168139,6
2928707,6
3168140,6
40225210,6
432004,6
5771339,6
2585197,6
16745943,6
53377428,6
9574762,6
2972590,6
2901657,6
24761764,6
712287,6
1254469,6
5401878,6
1342009,6
9550293,6
1142386,6
543159,6
3138348,6
3239220,6
9550328,6
660714,6
7110102,6
4008175,6
16758082,6
645390,6
889297,6
5766233,6
1905383,6
2303250,6
5338765,6
750092,6
5052243,6
4223919,6
5720647,6
24747305,6
6602823,6
2812036,6
2443447,6
6902581,6
630991,6
3238799,6
2291702,6
16194449,6
1835852,6
660816,6
535721,6
665767,6
3083585,6
1764318,6
6055917,6
4653997,6
1169323,6
2141781,6
5294857,6
1891182,6
9657400,6
16197187,6
5283389,6
1247272,6
4399863,6
3124490,6
1096383,6
2733525,6
649080,6
1338433,6
2930286,6
2089750,6
3661963,6
2798315,6
16745512,6
2768035,6
4554103,6
6876400,6
651143,6
745205,6
645119,6
5711520,6
2415234,6
374056,6
12005954,6
2820006,6
2141381,6
2171245,6
16193461,6
3386822,6
24747942,6
16540180,6
5924456,6
6898679,6
3473732,6
5761452,6
655953,6
5308940,6
3551006,6
651900,6
1180624,6
1484849,6
3191192,6
16196305,6
2192936,6
15740787,6
1041318,6
1581119,6
4783068,6
5913308,6
6901951,6
5348321,6
6886941,6
6099349,6
5771714,6
6862946,6
20846853,6
4195993,6
16409692,6
6861666,6
666032,6
1229805,6
937080,6
5791561,6
24761855,6
9627689,6
16244870,6
751911,6
6602718,6
321194,6
2730386,6
745079,6
1245304,6
16812456,6
4038685,6
665653,6
3236796,6
846378,6
6306769,6
971126,6
660490,6
1296770,6
2259039,6
711186,6
661324,6
7087,6
50248,6
7161979,6
5794007,6
663869,6
2158304,6
1214670,6
5308158,6
773154,6
2201609,6
892149,6
800654,6
3207679,6
998907,6
5057814,6
646013,6
4216259,6
6376784,6
9550144,6
714147,6
2999206,6
3951768,6
9565778,6
16195681,6
2492710,6
5122830,6
4965920,6
2790597,6
9642229,6
675230,6
1472015,6
54705188,6
5389002,6
976402,6
5756028,6
3118316,6
50904145,6
9634066,6
658006,6
24892563,6
6712933,6
2539487,6
2877735,6
4204374,6
16446092,6
6531156,6
4324124,6
2328832,6
2249389,6
2079190,6
1547874,6
1307323,6
896091,6
871615,6
3242273,6
5766004,6
5679707,6
2948873,6
2137373,6
715178,6
2810212,6
56642914,6
2359669,6
3845979,6
3797150,6
9582542,6
9556675,6
5377381,6
6710718,6
7422385,6
56642894,6
2550753,6
2909378,6
5522428,6
375148,6
12004524,6
2888389,6
3115676,6
16197199,6
16195360,6
6018076,6
1895868,6
2986547,6
9591327,6
804023,6
5952637,6
4246341,6
3184643,6
20846961,6
5429530,6
5757455,6
9664700,6
3241097,6
660107,6
3245713,6
656366,6
6143585,6
622466,6
4841411,6
5400057,6
9556585,6
797352,6
85307,6
2455800,6
6006008,6
56642873,6
15944897,6
1327665,6
290163,6
835173,6
11839942,6
5339889,6
5157422,6
2058873,6
5396073,6
5585429,6
2998287,6
1936517,6
1943201,6
9566819,6
750351,6
1482515,6
9593130,6
3314184,6
1938996,6
5409636,6
697331,6
6461388,6
6524819,6
4304519,6
5236900,6
9549736,6
658386,6
16192604,6
3840152,6
1818715,6
5768201,6
667260,6
1676176,6
5312137,6
11948794,6
660707,6
2873634,6
5942140,6
1319493,6
4883751,6
805957,6
6897391,6
2973383,6
16196676,6
16195719,6
2964580,6
2560383,6
996494,6
687093,6
4964969,6
5284439,6
2997575,6
56642910,6
5771482,6
2137683,6
772861,6
54677782,6
12004991,6
44573727,6
662339,6
3244339,6
973019,6
3239810,6
1546,6
684128,6
3746437,6
1274511,6
3238925,6
265711,6
5307848,6
2453505,6
879437,6
665899,6
9551500,6
21787845,6
2842524,6
3238973,6
6604735,6
6865118,6
5913666,6
799552,6
3118903,6
5082268,6
646176,6
11957249,6
12004951,6
5810234,6
840783,6
2244707,6
6523294,6
2461566,6
5139739,6
2290834,6
705270,6
4453692,6
9550145,6
16194608,6
9206325,6
1728284,6
662796,6
682221,6
866988,6
7270936,6
2370425,6
5514898,6
5904747,6
2311561,6
5858378,6
11841019,6
1905917,6
2049844,6
5895416,6
728608,6
779968,6
3233919,6
56642825,6
2725829,6
7178340,6
648331,6
9589753,6
6892760,6
987672,6
705546,6
5742784,6
3594857,6
5337811,6
2268032,6
5343096,6
2814271,6
3578348,6
5009750,6
5771452,6
5894016,6
9549757,6
2511387,6
934966,6
9510878,6
9623883,6
1837712,6
5870463,6
2926885,6
665651,6
2142586,6
2547402,6
6100141,6
5045172,6
5888815,6
5668947,6
2487733,6
2114308,6
2732121,6
4880464,6
2730105,6
853791,6
224524,6
984326,6
3245604,6
2313402,6
2196832,6
16806298,6
2688721,6
653187,6
2551912,6
16410997,6
16746136,6
1487220,6
15999022,6
4460245,6
647185,6
1761880,6
2172543,6
5761037,6
664552,6
5391980,6
664611,6
16738597,6
2137362,6
9710763,6
5705712,6
5713186,6
9207874,6
9551857,6
6874901,6
2814211,6
2410928,6
1344689,6
16187772,6
1717753,6
16681822,6
5187457,6
53262912,6
697239,6
5457371,6
25110544,6
16189654,6
5310090,6
692974,6
1004752,6
200103,6
25102555,6
5331832,6
5390091,6
9116001,6
3607474,6
828646,6
24819989,6
2901459,6
900065,6
5405430,6
56851827,6
2814507,6
1053503,6
2765866,6
919099,6
1966501,6
829521,6
970687,6
5253159,6
2249530,6
3914216,6
23724422,6
751913,6
2833927,6
365208,6
6236321,6
1865064,6
4244375,6
6873016,6
739034,6
4421133,6
1594276,6
2435261,6
1389577,6
44142946,6
4381126,6
715594,6
3260619,6
6264791,6
2166096,6
2561884,6
848267,6
890055,6
328625,6
5736862,6
947839,6
1251205,6
17383728,6
1348179,6
1659194,6
1399275,6
2227579,6
5335247,6
5846239,6
6255041,6
6868665,6
2999862,6
24892559,6
3244553,6
873000,6
2535642,6
665355,6
6874985,6
1259791,6
5296050,6
1253520,6
2900654,6
44495615,6
16192765,6
5719581,6
3208298,6
1948553,6
5871012,6
3568514,6
5307136,6
2207086,6
15944846,6
3735802,6
326577,6
5524753,6
1540508,6
5850801,6
5233279,6
2827236,6
3240604,6
3631325,6
2096417,6
3845233,6
649401,6
666811,6
6016149,6
3242471,6
54687454,6
4053939,6
9569064,6
15945035,6
9718025,6
3771443,6
743472,6
3093461,6
5333974,6
3682004,6
16195926,6
661203,6
7404199,6
4696,6
9594506,6
254722,6
1479653,6
2383337,6
44601953,6
71060,6
2105272,6
5555856,6
3415661,6
6373509,6
2934198,6
694179,6
6374915,6
2491242,6
72276,6
12004454,6
5771383,6
1617603,6
5511942,6
15944937,6
9563827,6
3116657,6
6886570,6
3565925,6
1432125,6
832638,6
9594665,6
2983306,6
6030986,6
658981,6
2905372,6
746686,6
662795,6
3243440,6
644846,6
5389686,6
6897339,6
3786298,6
12005566,6
5646019,6
9594900,6
5673818,6
5969229,6
1617920,6
997451,6
2962895,6
219770,6
5281701,6
707169,6
12005252,6
2568985,6
650877,6
2963620,6
2384967,6
2218995,6
5307661,6
3161516,6
3734646,6
2565589,6
849083,6
2908640,6
24817447,6
3600945,6
1838806,6
5064170,6
2727140,6
53377436,6
2478015,6
1347077,6
2962400,6
3242438,6
5786057,6
2123923,6
1551000,6
846545,6
44573728,6
658733,6
16196030,6
1246514,6
878043,6
25210493,6
781584,6
1423853,6
16746592,6
6063973,6
3000106,6
896029,6
3149824,6
1258835,6
1613528,6
24791029,6
1998020,6
2152384,6
5332729,6
840403,6
805087,6
2898124,6
16188393,6
915686,6
16746261,6
12005522,6
46907796,6
5900354,6
9661040,6
4875495,6
638860,6
1328846,6
736083,6
9612289,6
5903423,6
2865279,6
5771443,6
896577,6
750580,6
3242714,6
5308610,6
2761023,6
16194969,6
2929050,6
1245716,6
1380741,6
6302638,6
979433,6
16196486,6
1925701,6
665539,6
1093761,6
404404,6
2933964,6
1206972,6
21234031,6
2123860,6
1262756,6
162928,6
2998434,6
949169,6
5902538,6
223034,6
1236985,6
6862849,6
939025,6
5760074,6
5345393,6
666848,6
2220879,6
2862214,6
3934060,6
654157,6
96438,6
5906987,6
714180,6
2930234,6
5413038,6
1012180,6
2301863,6
5904397,6
6623116,6
3830309,6
24978571,6
5307918,6
651104,6
3743938,6
360560,6
2260658,6
44202273,6
4136929,6
2975144,6
2263521,6
5742486,6
6401021,6
2319244,6
825714,6
2268,6
5309746,6
3762210,6
666145,6
801958,6
6872597,6
5740390,6
5341738,6
6889167,6
707391,6
1828888,6
45281164,6
2381586,6
664201,6
6510956,6
1339954,6
3195639,6
3157053,6
5461359,6
16060500,6
15989508,6
1829082,6
2858523,6
5389578,6
890962,6
2079942,6
1765963,6
2098908,6
5524310,6
3238401,6
664033,6
1566019,6
5009707,6
5051049,6
6470267,6
2743615,6
11948658,6
96943,6
54680344,6
3241861,6
800191,6
1346843,6
1322277,6
5534431,6
2833,6
9563800,6
15944928,6
5334671,6
3242312,6
561049,6
664254,6
827100,6
657917,6
3666713,6
660516,6
2928283,6
4892691,6
3244857,6
5775469,6
6059217,6
3244852,6
3139698,6
3122355,6
876159,6
5418979,6
5206924,6
5332798,6
6514766,6
4777443,6
6506836,6
1021466,6
11948749,6
2977865,6
6887138,6
6870048,6
6876501,6
2775426,6
3404474,6
15945225,6
3406543,6
4120148,6
747923,6
697303,6
647733,6
5781332,6
5083854,6
3483852,6
9614817,6
3241713,6
6879034,6
2954880,6
658547,6
2858533,6
16187927,6
5308771,6
6883030,6
644550,6
6461235,6
663592,6
54687089,6
5873211,6
7314643,6
3111378,6
24817336,6
7109939,6
